[
  {
    "__type__": "cc.SpriteFrame",
    "content": {
      "name": "circle_2",
      "texture": "ecJE7lbx9JIJtp1N8OeOwt",
      "rect": [
        0,
        0,
        129,
        130
      ],
      "offset": [
        -0.5,
        0
      ],
      "originalSize": [
        130,
        130
      ]
    }
  },
  {
    "__type__": "cc.SpriteFrame",
    "content": {
      "name": "default_btn_disabled",
      "texture": "71VhFCTINJM6/Ky3oX9nBT",
      "rect": [
        0,
        0,
        40,
        40
      ],
      "offset": [
        0,
        0
      ],
      "originalSize": [
        40,
        40
      ],
      "capInsets": [
        12,
        12,
        12,
        12
      ]
    }
  },
  {
    "__type__": "cc.SpriteFrame",
    "content": {
      "name": "Stroke_photo_oneself",
      "texture": "2dhqhUY8RLkIuIpDKLhSbC",
      "rect": [
        0,
        0,
        136,
        135
      ],
      "offset": [
        0,
        0
      ],
      "originalSize": [
        136,
        135
      ]
    }
  },
  {
    "__type__": "cc.SpriteFrame",
    "content": {
      "name": "icon_back",
      "texture": "af4ymm6F5GoJjtijThKJB7",
      "rect": [
        0,
        0,
        33,
        48
      ],
      "offset": [
        0,
        0
      ],
      "originalSize": [
        33,
        48
      ]
    }
  },
  {
    "__type__": "cc.SpriteFrame",
    "content": {
      "name": "icon_gold_big",
      "texture": "266ahnPS9JgYozgtRA3nr/",
      "rect": [
        0,
        0,
        60,
        56
      ],
      "offset": [
        0,
        0
      ],
      "originalSize": [
        60,
        56
      ]
    }
  },
  {
    "__type__": "cc.SpriteFrame",
    "content": {
      "name": "icon_plus",
      "texture": "b2A380BP9DUbnaW+S7VXAX",
      "rect": [
        0,
        0,
        30,
        30
      ],
      "offset": [
        0,
        0
      ],
      "originalSize": [
        30,
        30
      ]
    }
  },
  {
    "__type__": "cc.SpriteFrame",
    "content": {
      "name": "icon_diamond",
      "texture": "502lSG36FG0p1PaG61Unwa",
      "rect": [
        0,
        0,
        61,
        56
      ],
      "offset": [
        0,
        0
      ],
      "originalSize": [
        61,
        56
      ]
    }
  },
  {
    "__type__": "cc.SpriteFrame",
    "content": {
      "name": "icon_set",
      "texture": "0e2M9ujARFaY0XYmom4Qmf",
      "rect": [
        0,
        0,
        59,
        61
      ],
      "offset": [
        0,
        0
      ],
      "originalSize": [
        59,
        61
      ]
    }
  },
  {
    "__type__": "cc.SpriteFrame",
    "content": {
      "name": "default_progressbar",
      "texture": "cf73jxyN9Jt47QTJU6ziYh",
      "rect": [
        0,
        0,
        30,
        15
      ],
      "offset": [
        0,
        0
      ],
      "originalSize": [
        30,
        15
      ],
      "capInsets": [
        10,
        4,
        10,
        4
      ]
    }
  },
  {
    "__type__": "cc.SpriteFrame",
    "content": {
      "name": "icon_message",
      "texture": "66pOA4FElPz7GVV4sSOXPi",
      "rect": [
        0,
        0,
        57,
        50
      ],
      "offset": [
        0,
        0
      ],
      "originalSize": [
        57,
        50
      ]
    }
  },
  {
    "__type__": "cc.SpriteFrame",
    "content": {
      "name": "bg_xiamian",
      "texture": "83zCCG1xNHoI2GqNYGi2JY",
      "rect": [
        0,
        0,
        665,
        122
      ],
      "offset": [
        0,
        0
      ],
      "originalSize": [
        665,
        122
      ]
    }
  },
  {
    "__type__": "cc.SpriteFrame",
    "content": {
      "name": "gb_inputbox",
      "texture": "c3nqSWlutNxZRa58kZt3wh",
      "rect": [
        0,
        0,
        54,
        81
      ],
      "offset": [
        0,
        0
      ],
      "originalSize": [
        54,
        81
      ],
      "capInsets": [
        12,
        11,
        12,
        11
      ]
    }
  },
  {
    "__type__": "cc.SpriteFrame",
    "content": {
      "name": "button_zbc",
      "texture": "2aQOXnTEpDUJ5ddnV3Vc3S",
      "rect": [
        0,
        0,
        432,
        155
      ],
      "offset": [
        0,
        0
      ],
      "originalSize": [
        432,
        155
      ]
    }
  },
  {
    "__type__": "cc.SpriteFrame",
    "content": {
      "name": "default_progressbar_bg",
      "texture": "99FwsL0hBG8bITfZ4/IwmK",
      "rect": [
        0,
        0,
        60,
        15
      ],
      "offset": [
        0,
        0
      ],
      "originalSize": [
        60,
        15
      ],
      "capInsets": [
        10,
        4,
        10,
        4
      ]
    }
  },
  [
    {
      "__type__": "cc.SceneAsset",
      "_name": "menu",
      "scene": {
        "__id__": 1
      },
      "asyncLoadAssets": null
    },
    {
      "__type__": "cc.Scene",
      "_children": [
        {
          "__id__": 2
        },
        {
          "__id__": 28
        }
      ],
      "_anchorPoint": {
        "__type__": "cc.Vec2"
      },
      "_scale": {
        "__type__": "cc.Vec3",
        "x": 1,
        "y": 1,
        "z": 1
      },
      "autoReleaseAssets": false
    },
    {
      "__type__": "cc.Node",
      "_name": "Canvas",
      "_parent": {
        "__id__": 1
      },
      "_children": [
        {
          "__id__": 3
        },
        {
          "__id__": 4
        },
        {
          "__id__": 6
        },
        {
          "__id__": 8
        },
        {
          "__id__": 26
        },
        {
          "__id__": 43
        }
      ],
      "_components": [
        {
          "__type__": "cc.Canvas",
          "_objFlags": 0,
          "node": {
            "__id__": 2
          },
          "_designResolution": {
            "__type__": "cc.Size",
            "width": 1334,
            "height": 750
          }
        },
        {
          "__type__": "e390cpl5vpL54CRkH0xI8Ul",
          "node": {
            "__id__": 2
          },
          "updatePanel": {
            "__id__": 43
          },
          "manifestUrl": {
            "__uuid__": "41KLeLAK5Niq41Tlylxc3p"
          },
          "percent": {
            "__id__": 50
          }
        }
      ],
      "_contentSize": {
        "__type__": "cc.Size",
        "width": 1334,
        "height": 750
      },
      "_position": {
        "__type__": "cc.Vec3",
        "x": 667,
        "y": 375
      },
      "_scaleX": 1,
      "_scaleY": 1,
      "_scale": {
        "__type__": "cc.Vec3",
        "x": 1,
        "y": 1,
        "z": 1
      },
      "_id": "aa2f6rtn5pHHZr289ji53Oy"
    },
    {
      "__type__": "cc.Node",
      "_name": "bg",
      "_parent": {
        "__id__": 2
      },
      "_components": [
        {
          "__type__": "cc.Sprite",
          "node": {
            "__id__": 3
          },
          "_spriteFrame": {
            "__uuid__": "a22nm+/iJCCoO143h4NnsG"
          }
        },
        {
          "__type__": "cc.Widget",
          "node": {
            "__id__": 3
          },
          "_alignFlags": 45,
          "_originalWidth": 1334,
          "_originalHeight": 750
        }
      ],
      "_contentSize": {
        "__type__": "cc.Size",
        "width": 1334,
        "height": 750
      },
      "_scaleX": 1,
      "_scaleY": 1,
      "_scale": {
        "__type__": "cc.Vec3",
        "x": 1,
        "y": 1,
        "z": 1
      }
    },
    {
      "__type__": "cc.Node",
      "_name": "btnBack",
      "_parent": {
        "__id__": 2
      },
      "_children": [
        {
          "__id__": 5
        }
      ],
      "_components": [
        {
          "__type__": "cc.Widget",
          "node": {
            "__id__": 4
          },
          "_alignFlags": 9,
          "_left": 30
        },
        {
          "__type__": "cc.Sprite",
          "node": {
            "__id__": 4
          },
          "_spriteFrame": {
            "__uuid__": "efDpLYbbNOAaHwWYi/crTs"
          },
          "_type": 1
        },
        {
          "__type__": "cc.Button",
          "node": {
            "__id__": 4
          },
          "transition": 1,
          "pressedColor": {
            "__type__": "cc.Color",
            "r": 255,
            "g": 255,
            "b": 255
          },
          "_N$normalColor": {
            "__type__": "cc.Color",
            "r": 255,
            "g": 255,
            "b": 255
          },
          "_N$disabledColor": {
            "__type__": "cc.Color",
            "r": 187,
            "g": 180,
            "b": 180
          },
          "_N$normalSprite": {
            "__uuid__": "f0BIwQ8D5Ml7nTNQbh1YlS"
          },
          "_N$pressedSprite": {
            "__uuid__": "e97GVMl6JHh5Ml5qEDdSGa"
          },
          "pressedSprite": {
            "__uuid__": "e97GVMl6JHh5Ml5qEDdSGa"
          },
          "_N$hoverSprite": {
            "__uuid__": "e97GVMl6JHh5Ml5qEDdSGa"
          },
          "hoverSprite": {
            "__uuid__": "e97GVMl6JHh5Ml5qEDdSGa"
          },
          "_N$disabledSprite": {
            "__uuid__": "29FYIk+N1GYaeWH/q1NxQO"
          },
          "_N$target": {
            "__id__": 4
          }
        },
        {
          "__type__": "a171dSnCXFMRIqs1IWdvgWM",
          "node": {
            "__id__": 4
          },
          "pressedScale": 0.8,
          "transDuration": 0.1
        }
      ],
      "_contentSize": {
        "__type__": "cc.Size",
        "width": 84,
        "height": 64
      },
      "_anchorPoint": {
        "__type__": "cc.Vec2",
        "x": 0.5,
        "y": 1
      },
      "_position": {
        "__type__": "cc.Vec3",
        "x": -595,
        "y": 375
      },
      "_scaleX": 1,
      "_scaleY": 1,
      "_scale": {
        "__type__": "cc.Vec3",
        "x": 1,
        "y": 1,
        "z": 1
      }
    },
    {
      "__type__": "cc.Node",
      "_name": "icon_back",
      "_parent": {
        "__id__": 4
      },
      "_components": [
        {
          "__type__": "cc.Sprite",
          "node": {
            "__id__": 5
          },
          "_spriteFrame": {
            "__uuid__": "413CCm1gpPVYVOhg0q1jSL"
          }
        }
      ],
      "_contentSize": {
        "__type__": "cc.Size",
        "width": 33,
        "height": 48
      },
      "_position": {
        "__type__": "cc.Vec3",
        "y": -25
      },
      "_scaleX": 1,
      "_scaleY": 1,
      "_scale": {
        "__type__": "cc.Vec3",
        "x": 1,
        "y": 1,
        "z": 1
      }
    },
    {
      "__type__": "cc.Node",
      "_name": "btnMsg",
      "_parent": {
        "__id__": 2
      },
      "_children": [
        {
          "__id__": 7
        }
      ],
      "_components": [
        {
          "__type__": "cc.Widget",
          "node": {
            "__id__": 6
          },
          "_alignFlags": 33,
          "_left": 30,
          "_right": 30,
          "_originalWidth": 84
        },
        {
          "__type__": "cc.Sprite",
          "node": {
            "__id__": 6
          },
          "_spriteFrame": {
            "__uuid__": "efDpLYbbNOAaHwWYi/crTs"
          },
          "_type": 1
        },
        {
          "__type__": "cc.Button",
          "node": {
            "__id__": 6
          },
          "transition": 1,
          "pressedColor": {
            "__type__": "cc.Color",
            "r": 255,
            "g": 255,
            "b": 255
          },
          "_N$normalColor": {
            "__type__": "cc.Color",
            "r": 255,
            "g": 255,
            "b": 255
          },
          "_N$disabledColor": {
            "__type__": "cc.Color",
            "r": 187,
            "g": 180,
            "b": 180
          },
          "_N$normalSprite": {
            "__uuid__": "f0BIwQ8D5Ml7nTNQbh1YlS"
          },
          "_N$pressedSprite": {
            "__uuid__": "e97GVMl6JHh5Ml5qEDdSGa"
          },
          "pressedSprite": {
            "__uuid__": "e97GVMl6JHh5Ml5qEDdSGa"
          },
          "_N$hoverSprite": {
            "__uuid__": "e97GVMl6JHh5Ml5qEDdSGa"
          },
          "hoverSprite": {
            "__uuid__": "e97GVMl6JHh5Ml5qEDdSGa"
          },
          "_N$disabledSprite": {
            "__uuid__": "29FYIk+N1GYaeWH/q1NxQO"
          },
          "_N$target": {
            "__id__": 6
          }
        },
        {
          "__type__": "a171dSnCXFMRIqs1IWdvgWM",
          "node": {
            "__id__": 6
          },
          "pressedScale": 0.8,
          "transDuration": 0.1
        }
      ],
      "_contentSize": {
        "__type__": "cc.Size",
        "width": 84,
        "height": 64
      },
      "_anchorPoint": {
        "__type__": "cc.Vec2",
        "x": 0.5,
        "y": 1
      },
      "_position": {
        "__type__": "cc.Vec3",
        "x": 595,
        "y": 375
      },
      "_scaleX": 1,
      "_scaleY": 1,
      "_scale": {
        "__type__": "cc.Vec3",
        "x": 1,
        "y": 1,
        "z": 1
      }
    },
    {
      "__type__": "cc.Node",
      "_name": "icon_back",
      "_parent": {
        "__id__": 6
      },
      "_components": [
        {
          "__type__": "cc.Sprite",
          "node": {
            "__id__": 7
          },
          "_spriteFrame": {
            "__uuid__": "7aYxwmnOZDIpmOxnlX2m+A"
          }
        }
      ],
      "_contentSize": {
        "__type__": "cc.Size",
        "width": 57,
        "height": 50
      },
      "_position": {
        "__type__": "cc.Vec3",
        "y": -26
      },
      "_scaleX": 1,
      "_scaleY": 1,
      "_scale": {
        "__type__": "cc.Vec3",
        "x": 1,
        "y": 1,
        "z": 1
      }
    },
    {
      "__type__": "cc.Node",
      "_name": "bottom",
      "_parent": {
        "__id__": 2
      },
      "_children": [
        {
          "__id__": 9
        },
        {
          "__id__": 10
        },
        {
          "__id__": 11
        },
        {
          "__id__": 16
        },
        {
          "__id__": 21
        },
        {
          "__id__": 22
        },
        {
          "__id__": 23
        },
        {
          "__id__": 25
        }
      ],
      "_components": [
        {
          "__type__": "cc.Widget",
          "node": {
            "__id__": 8
          },
          "_alignFlags": 45
        }
      ],
      "_contentSize": {
        "__type__": "cc.Size",
        "width": 1334,
        "height": 750
      },
      "_scaleX": 1,
      "_scaleY": 1,
      "_scale": {
        "__type__": "cc.Vec3",
        "x": 1,
        "y": 1,
        "z": 1
      }
    },
    {
      "__type__": "cc.Node",
      "_name": "bottom_right",
      "_parent": {
        "__id__": 8
      },
      "_components": [
        {
          "__type__": "cc.Sprite",
          "node": {
            "__id__": 9
          },
          "_spriteFrame": {
            "__uuid__": "7a7hhmAdtBqq/p5KeR3vaq"
          },
          "_sizeMode": 0
        },
        {
          "__type__": "cc.Widget",
          "node": {
            "__id__": 9
          },
          "_alignFlags": 44,
          "_left": 0.5000000000757723,
          "_right": -7.577227734145708e-11,
          "_isAbsLeft": false,
          "_originalWidth": 665
        }
      ],
      "_contentSize": {
        "__type__": "cc.Size",
        "width": 666.9999998989955,
        "height": 122
      },
      "_position": {
        "__type__": "cc.Vec3",
        "x": 333.50000005057797,
        "y": -314
      },
      "_scaleX": 1,
      "_scaleY": 1,
      "_scale": {
        "__type__": "cc.Vec3",
        "x": 1,
        "y": 1,
        "z": 1
      }
    },
    {
      "__type__": "cc.Node",
      "_name": "bottom_left",
      "_parent": {
        "__id__": 8
      },
      "_components": [
        {
          "__type__": "cc.Sprite",
          "node": {
            "__id__": 10
          },
          "_spriteFrame": {
            "__uuid__": "7a7hhmAdtBqq/p5KeR3vaq"
          },
          "_sizeMode": 0
        },
        {
          "__type__": "cc.Widget",
          "node": {
            "__id__": 10
          },
          "_alignFlags": 44,
          "_left": 7.577227734145708e-11,
          "_right": 0.4999999999242277,
          "_isAbsRight": false,
          "_originalWidth": 665
        }
      ],
      "_contentSize": {
        "__type__": "cc.Size",
        "width": 667.0000001010045,
        "height": 122
      },
      "_position": {
        "__type__": "cc.Vec3",
        "x": -333.49999994942203,
        "y": -314
      },
      "_scaleX": -1,
      "_scaleY": 1,
      "_scale": {
        "__type__": "cc.Vec3",
        "x": 1,
        "y": 1,
        "z": 1
      }
    },
    {
      "__type__": "cc.Node",
      "_name": "diamond",
      "_parent": {
        "__id__": 8
      },
      "_children": [
        {
          "__id__": 12
        },
        {
          "__id__": 13
        },
        {
          "__id__": 14
        },
        {
          "__id__": 15
        }
      ],
      "_components": [
        {
          "__type__": "cc.Button",
          "node": {
            "__id__": 11
          },
          "pressedColor": {
            "__type__": "cc.Color",
            "r": 255,
            "g": 255,
            "b": 255
          },
          "_N$normalColor": {
            "__type__": "cc.Color",
            "r": 255,
            "g": 255,
            "b": 255
          },
          "_N$disabledColor": {
            "__type__": "cc.Color",
            "r": 255,
            "g": 255,
            "b": 255
          },
          "_N$target": {
            "__id__": 11
          }
        },
        {
          "__type__": "cc.Widget",
          "node": {
            "__id__": 11
          },
          "_alignFlags": 12,
          "_left": 50,
          "_bottom": 30
        },
        {
          "__type__": "a171dSnCXFMRIqs1IWdvgWM",
          "node": {
            "__id__": 11
          },
          "pressedScale": 0.85,
          "transDuration": 0.1
        }
      ],
      "_contentSize": {
        "__type__": "cc.Size",
        "width": 215,
        "height": 50
      },
      "_position": {
        "__type__": "cc.Vec3",
        "x": -509.5,
        "y": -320
      },
      "_scaleX": 1,
      "_scaleY": 1,
      "_scale": {
        "__type__": "cc.Vec3",
        "x": 1,
        "y": 1,
        "z": 1
      }
    },
    {
      "__type__": "cc.Node",
      "_name": "bg",
      "_parent": {
        "__id__": 11
      },
      "_components": [
        {
          "__type__": "cc.Sprite",
          "node": {
            "__id__": 12
          },
          "_spriteFrame": {
            "__uuid__": "d1kzAXyEVJLapyv3HXtIcm"
          },
          "_type": 1,
          "_sizeMode": 0
        }
      ],
      "_contentSize": {
        "__type__": "cc.Size",
        "width": 180,
        "height": 42
      },
      "_scaleX": 1,
      "_scaleY": 1,
      "_scale": {
        "__type__": "cc.Vec3",
        "x": 1,
        "y": 1,
        "z": 1
      }
    },
    {
      "__type__": "cc.Node",
      "_name": "icon_diamond",
      "_parent": {
        "__id__": 11
      },
      "_components": [
        {
          "__type__": "cc.Sprite",
          "node": {
            "__id__": 13
          },
          "_spriteFrame": {
            "__uuid__": "5aftkBvcFII4sN0tuNRQbq"
          }
        }
      ],
      "_contentSize": {
        "__type__": "cc.Size",
        "width": 60,
        "height": 56
      },
      "_position": {
        "__type__": "cc.Vec3",
        "x": -86
      },
      "_scaleX": 1,
      "_scaleY": 1,
      "_scale": {
        "__type__": "cc.Vec3",
        "x": 1,
        "y": 1,
        "z": 1
      }
    },
    {
      "__type__": "cc.Node",
      "_name": "icon_plus",
      "_parent": {
        "__id__": 11
      },
      "_components": [
        {
          "__type__": "cc.Sprite",
          "node": {
            "__id__": 14
          },
          "_spriteFrame": {
            "__uuid__": "57F8d8Zd5CMpcUsMZj33ON"
          }
        }
      ],
      "_contentSize": {
        "__type__": "cc.Size",
        "width": 30,
        "height": 30
      },
      "_position": {
        "__type__": "cc.Vec3",
        "x": 65
      },
      "_scaleX": 1,
      "_scaleY": 1,
      "_scale": {
        "__type__": "cc.Vec3",
        "x": 1,
        "y": 1,
        "z": 1
      }
    },
    {
      "__type__": "cc.Node",
      "_name": "num",
      "_parent": {
        "__id__": 11
      },
      "_components": [
        {
          "__type__": "cc.Label",
          "node": {
            "__id__": 15
          },
          "_useOriginalSize": false,
          "_string": "999999\n",
          "_N$string": "999999\n",
          "_fontSize": 25,
          "_N$horizontalAlign": 1,
          "_N$verticalAlign": 1
        }
      ],
      "_contentSize": {
        "__type__": "cc.Size",
        "width": 83.4228515625,
        "height": 80
      },
      "_scaleX": 1,
      "_scaleY": 1,
      "_scale": {
        "__type__": "cc.Vec3",
        "x": 1,
        "y": 1,
        "z": 1
      }
    },
    {
      "__type__": "cc.Node",
      "_name": "gold",
      "_parent": {
        "__id__": 8
      },
      "_children": [
        {
          "__id__": 17
        },
        {
          "__id__": 18
        },
        {
          "__id__": 19
        },
        {
          "__id__": 20
        }
      ],
      "_components": [
        {
          "__type__": "cc.Button",
          "node": {
            "__id__": 16
          },
          "pressedColor": {
            "__type__": "cc.Color",
            "r": 255,
            "g": 255,
            "b": 255
          },
          "_N$normalColor": {
            "__type__": "cc.Color",
            "r": 255,
            "g": 255,
            "b": 255
          },
          "_N$disabledColor": {
            "__type__": "cc.Color",
            "r": 255,
            "g": 255,
            "b": 255
          },
          "_N$target": {
            "__id__": 16
          }
        },
        {
          "__type__": "cc.Widget",
          "node": {
            "__id__": 16
          },
          "_alignFlags": 12,
          "_left": 280,
          "_right": 0.5999999998106545,
          "_bottom": 30,
          "_isAbsRight": false
        },
        {
          "__type__": "a171dSnCXFMRIqs1IWdvgWM",
          "node": {
            "__id__": 16
          },
          "pressedScale": 0.8,
          "transDuration": 0.1
        }
      ],
      "_contentSize": {
        "__type__": "cc.Size",
        "width": 215,
        "height": 50
      },
      "_position": {
        "__type__": "cc.Vec3",
        "x": -279.5,
        "y": -320
      },
      "_scaleX": 1,
      "_scaleY": 1,
      "_scale": {
        "__type__": "cc.Vec3",
        "x": 1,
        "y": 1,
        "z": 1
      }
    },
    {
      "__type__": "cc.Node",
      "_name": "bg",
      "_parent": {
        "__id__": 16
      },
      "_components": [
        {
          "__type__": "cc.Sprite",
          "node": {
            "__id__": 17
          },
          "_spriteFrame": {
            "__uuid__": "d1kzAXyEVJLapyv3HXtIcm"
          },
          "_type": 1,
          "_sizeMode": 0
        }
      ],
      "_contentSize": {
        "__type__": "cc.Size",
        "width": 180,
        "height": 42
      },
      "_scaleX": 1,
      "_scaleY": 1,
      "_scale": {
        "__type__": "cc.Vec3",
        "x": 1,
        "y": 1,
        "z": 1
      }
    },
    {
      "__type__": "cc.Node",
      "_name": "icon_gold",
      "_parent": {
        "__id__": 16
      },
      "_components": [
        {
          "__type__": "cc.Sprite",
          "node": {
            "__id__": 18
          },
          "_spriteFrame": {
            "__uuid__": "450PiT97dMhIvZ3WQJ7G3p"
          }
        }
      ],
      "_contentSize": {
        "__type__": "cc.Size",
        "width": 59,
        "height": 55
      },
      "_position": {
        "__type__": "cc.Vec3",
        "x": -86
      },
      "_scaleX": 1,
      "_scaleY": 1,
      "_scale": {
        "__type__": "cc.Vec3",
        "x": 1,
        "y": 1,
        "z": 1
      }
    },
    {
      "__type__": "cc.Node",
      "_name": "icon_plus",
      "_parent": {
        "__id__": 16
      },
      "_components": [
        {
          "__type__": "cc.Sprite",
          "node": {
            "__id__": 19
          },
          "_spriteFrame": {
            "__uuid__": "57F8d8Zd5CMpcUsMZj33ON"
          }
        }
      ],
      "_contentSize": {
        "__type__": "cc.Size",
        "width": 30,
        "height": 30
      },
      "_position": {
        "__type__": "cc.Vec3",
        "x": 65
      },
      "_scaleX": 1,
      "_scaleY": 1,
      "_scale": {
        "__type__": "cc.Vec3",
        "x": 1,
        "y": 1,
        "z": 1
      }
    },
    {
      "__type__": "cc.Node",
      "_name": "num",
      "_parent": {
        "__id__": 16
      },
      "_components": [
        {
          "__type__": "cc.Label",
          "node": {
            "__id__": 20
          },
          "_useOriginalSize": false,
          "_string": "999999\n",
          "_N$string": "999999\n",
          "_fontSize": 25,
          "_N$horizontalAlign": 1,
          "_N$verticalAlign": 1
        }
      ],
      "_contentSize": {
        "__type__": "cc.Size",
        "width": 83.4228515625,
        "height": 80
      },
      "_scaleX": 1,
      "_scaleY": 1,
      "_scale": {
        "__type__": "cc.Vec3",
        "x": 1,
        "y": 1,
        "z": 1
      }
    },
    {
      "__type__": "cc.Node",
      "_name": "btnRule",
      "_parent": {
        "__id__": 8
      },
      "_components": [
        {
          "__type__": "cc.Sprite",
          "node": {
            "__id__": 21
          },
          "_spriteFrame": {
            "__uuid__": "c20POSKPtHp6r5r0DnX0DT"
          }
        },
        {
          "__type__": "cc.Widget",
          "node": {
            "__id__": 21
          },
          "_alignFlags": 36,
          "_right": 0.49999999984845545,
          "_bottom": 30,
          "_isAbsRight": false
        },
        {
          "__type__": "cc.Button",
          "node": {
            "__id__": 21
          },
          "pressedColor": {
            "__type__": "cc.Color",
            "r": 255,
            "g": 255,
            "b": 255
          },
          "_N$normalColor": {
            "__type__": "cc.Color",
            "r": 255,
            "g": 255,
            "b": 255
          },
          "_N$disabledColor": {
            "__type__": "cc.Color",
            "r": 255,
            "g": 255,
            "b": 255
          },
          "_N$target": {
            "__id__": 21
          }
        },
        {
          "__type__": "a171dSnCXFMRIqs1IWdvgWM",
          "node": {
            "__id__": 21
          },
          "pressedScale": 0.8,
          "transDuration": 0.1
        }
      ],
      "_contentSize": {
        "__type__": "cc.Size",
        "width": 53,
        "height": 61
      },
      "_position": {
        "__type__": "cc.Vec3",
        "x": -26.499999797839564,
        "y": -314.5
      },
      "_scaleX": 1,
      "_scaleY": 1,
      "_scale": {
        "__type__": "cc.Vec3",
        "x": 1,
        "y": 1,
        "z": 1
      }
    },
    {
      "__type__": "cc.Node",
      "_name": "btnSetting",
      "_parent": {
        "__id__": 8
      },
      "_components": [
        {
          "__type__": "cc.Sprite",
          "node": {
            "__id__": 22
          },
          "_spriteFrame": {
            "__uuid__": "67nkSrGW9KU5z6ypunyLpD"
          }
        },
        {
          "__type__": "cc.Widget",
          "node": {
            "__id__": 22
          },
          "_alignFlags": 12,
          "_left": 0.5500000000567582,
          "_bottom": 30,
          "_isAbsLeft": false
        },
        {
          "__type__": "cc.Button",
          "node": {
            "__id__": 22
          },
          "pressedColor": {
            "__type__": "cc.Color",
            "r": 255,
            "g": 255,
            "b": 255
          },
          "_N$normalColor": {
            "__type__": "cc.Color",
            "r": 255,
            "g": 255,
            "b": 255
          },
          "_N$disabledColor": {
            "__type__": "cc.Color",
            "r": 255,
            "g": 255,
            "b": 255
          },
          "_N$target": {
            "__id__": 22
          }
        },
        {
          "__type__": "a171dSnCXFMRIqs1IWdvgWM",
          "node": {
            "__id__": 22
          },
          "pressedScale": 0.8,
          "transDuration": 0.1
        }
      ],
      "_contentSize": {
        "__type__": "cc.Size",
        "width": 59,
        "height": 61
      },
      "_position": {
        "__type__": "cc.Vec3",
        "x": 96.20000007571548,
        "y": -314.5
      },
      "_scaleX": 1,
      "_scaleY": 1,
      "_scale": {
        "__type__": "cc.Vec3",
        "x": 1,
        "y": 1,
        "z": 1
      }
    },
    {
      "__type__": "cc.Node",
      "_name": "userPhoto",
      "_parent": {
        "__id__": 8
      },
      "_children": [
        {
          "__id__": 24
        }
      ],
      "_components": [
        {
          "__type__": "cc.Sprite",
          "node": {
            "__id__": 23
          },
          "_spriteFrame": {
            "__uuid__": "11yLJ+KaBML6wxA6LleTt8"
          }
        },
        {
          "__type__": "cc.Widget",
          "node": {
            "__id__": 23
          },
          "_alignFlags": 36,
          "_right": 30,
          "_bottom": 25
        }
      ],
      "_contentSize": {
        "__type__": "cc.Size",
        "width": 129,
        "height": 130
      },
      "_position": {
        "__type__": "cc.Vec3",
        "x": 572.5,
        "y": -285
      },
      "_scaleX": 1,
      "_scaleY": 1,
      "_scale": {
        "__type__": "cc.Vec3",
        "x": 1,
        "y": 1,
        "z": 1
      }
    },
    {
      "__type__": "cc.Node",
      "_name": "photoFrame",
      "_parent": {
        "__id__": 23
      },
      "_components": [
        {
          "__type__": "cc.Sprite",
          "node": {
            "__id__": 24
          },
          "_spriteFrame": {
            "__uuid__": "2emy3AZbRE5bYk1h2p7hCV"
          },
          "_sizeMode": 0
        }
      ],
      "_contentSize": {
        "__type__": "cc.Size",
        "width": 143,
        "height": 142
      },
      "_position": {
        "__type__": "cc.Vec3",
        "x": 3,
        "y": -3
      },
      "_scaleX": 1,
      "_scaleY": 1,
      "_scale": {
        "__type__": "cc.Vec3",
        "x": 1,
        "y": 1,
        "z": 1
      }
    },
    {
      "__type__": "cc.Node",
      "_name": "userName",
      "_parent": {
        "__id__": 8
      },
      "_components": [
        {
          "__type__": "cc.Label",
          "node": {
            "__id__": 25
          },
          "_useOriginalSize": false,
          "_string": "凹凸曼",
          "_N$string": "凹凸曼",
          "_N$horizontalAlign": 2,
          "_N$verticalAlign": 1
        },
        {
          "__type__": "cc.Widget",
          "node": {
            "__id__": 25
          },
          "_alignFlags": 36,
          "_right": 179.99999999999994,
          "_bottom": 30
        }
      ],
      "_contentSize": {
        "__type__": "cc.Size",
        "width": 120,
        "height": 40
      },
      "_anchorPoint": {
        "__type__": "cc.Vec2",
        "x": 1,
        "y": 0.5
      },
      "_position": {
        "__type__": "cc.Vec3",
        "x": 487,
        "y": -325
      },
      "_scaleX": 1,
      "_scaleY": 1,
      "_scale": {
        "__type__": "cc.Vec3",
        "x": 1,
        "y": 1,
        "z": 1
      }
    },
    {
      "__type__": "cc.Node",
      "_name": "center",
      "_parent": {
        "__id__": 2
      },
      "_children": [
        {
          "__id__": 27
        },
        {
          "__id__": 41
        },
        {
          "__id__": 42
        },
        {
          "__id__": 33
        }
      ],
      "_components": [
        {
          "__type__": "cc.Widget",
          "node": {
            "__id__": 26
          },
          "_alignFlags": 45
        }
      ],
      "_contentSize": {
        "__type__": "cc.Size",
        "width": 1334,
        "height": 750
      },
      "_scaleX": 1,
      "_scaleY": 1,
      "_scale": {
        "__type__": "cc.Vec3",
        "x": 1,
        "y": 1,
        "z": 1
      }
    },
    {
      "__type__": "cc.Node",
      "_name": "btnQuickStart",
      "_parent": {
        "__id__": 26
      },
      "_components": [
        {
          "__type__": "cc.Widget",
          "node": {
            "__id__": 27
          },
          "_alignFlags": 8,
          "_left": 0.55,
          "_isAbsLeft": false
        },
        {
          "__type__": "cc.Sprite",
          "node": {
            "__id__": 27
          },
          "_spriteFrame": {
            "__uuid__": "d5iFnbamRIm6ocaD5fmmRr"
          }
        },
        {
          "__type__": "cc.Button",
          "node": {
            "__id__": 27
          },
          "transition": 1,
          "pressedColor": {
            "__type__": "cc.Color",
            "r": 255,
            "g": 255,
            "b": 255
          },
          "clickEvents": [
            {
              "__type__": "cc.ClickEvent",
              "target": {
                "__id__": 28
              },
              "component": "Menu",
              "handler": "playGame"
            }
          ],
          "_N$normalColor": {
            "__type__": "cc.Color",
            "r": 255,
            "g": 255,
            "b": 255
          },
          "_N$disabledColor": {
            "__type__": "cc.Color",
            "r": 255,
            "g": 255,
            "b": 255
          },
          "_N$normalSprite": {
            "__uuid__": "f0BIwQ8D5Ml7nTNQbh1YlS"
          },
          "_N$pressedSprite": {
            "__uuid__": "e97GVMl6JHh5Ml5qEDdSGa"
          },
          "pressedSprite": {
            "__uuid__": "e97GVMl6JHh5Ml5qEDdSGa"
          },
          "_N$hoverSprite": {
            "__uuid__": "e97GVMl6JHh5Ml5qEDdSGa"
          },
          "hoverSprite": {
            "__uuid__": "e97GVMl6JHh5Ml5qEDdSGa"
          },
          "_N$disabledSprite": {
            "__uuid__": "29FYIk+N1GYaeWH/q1NxQO"
          },
          "_N$target": {
            "__id__": 27
          }
        },
        {
          "__type__": "a171dSnCXFMRIqs1IWdvgWM",
          "node": {
            "__id__": 27
          },
          "pressedScale": 0.85,
          "transDuration": 0.1
        }
      ],
      "_contentSize": {
        "__type__": "cc.Size",
        "width": 433,
        "height": 150
      },
      "_position": {
        "__type__": "cc.Vec3",
        "x": 283.20000000000005,
        "y": 200
      },
      "_scaleX": 1,
      "_scaleY": 1,
      "_scale": {
        "__type__": "cc.Vec3",
        "x": 1,
        "y": 1,
        "z": 1
      }
    },
    {
      "__type__": "cc.Node",
      "_name": "Menu",
      "_parent": {
        "__id__": 1
      },
      "_children": [
        {
          "__id__": 29
        },
        {
          "__id__": 30
        }
      ],
      "_components": [
        {
          "__type__": "20f60m+3RlGO7x2/ARzZ6Qc",
          "node": {
            "__id__": 28
          },
          "audioMng": {
            "__id__": 29
          }
        }
      ],
      "_position": {
        "__type__": "cc.Vec3",
        "x": 667,
        "y": 375
      },
      "_scaleX": 1,
      "_scaleY": 1,
      "_scale": {
        "__type__": "cc.Vec3",
        "x": 1,
        "y": 1,
        "z": 1
      },
      "_id": "4eda7IeQaJFc46XJj4Ffyk4"
    },
    {
      "__type__": "cc.Node",
      "_name": "AudioMng",
      "_parent": {
        "__id__": 28
      },
      "_components": [
        {
          "__type__": "01ca4tStvVH+JmZ5TNcmuAu",
          "node": {
            "__id__": 29
          },
          "buttonAudio": {
            "__uuid__": "9eKuUH+uVFEZQL8uRvgbeQ"
          },
          "bgm": {
            "__uuid__": "49U5ywOJNFmrMQfMG39tM1"
          }
        }
      ],
      "_scaleX": 1,
      "_scaleY": 1,
      "_scale": {
        "__type__": "cc.Vec3",
        "x": 1,
        "y": 1,
        "z": 1
      }
    },
    {
      "__type__": "cc.Node",
      "_name": "RankList",
      "_parent": {
        "__id__": 28
      },
      "_components": [
        {
          "__type__": "fe3fcIxCFFLrKHg6s5+xRUU",
          "node": {
            "__id__": 30
          },
          "scrollView": {
            "__id__": 31
          },
          "prefabRankItem": {
            "__uuid__": "3ffW8Ujj9DLKU3CcjH4Dt2"
          },
          "rankCount": 6
        }
      ],
      "_scaleX": 1,
      "_scaleY": 1,
      "_scale": {
        "__type__": "cc.Vec3",
        "x": 1,
        "y": 1,
        "z": 1
      }
    },
    {
      "__type__": "cc.ScrollView",
      "node": {
        "__id__": 32
      },
      "content": {
        "__id__": 36
      },
      "horizontal": false,
      "bounceDuration": 0.3,
      "_N$horizontalScrollBar": null,
      "_N$verticalScrollBar": {
        "__id__": 40
      }
    },
    {
      "__type__": "cc.Node",
      "_name": "scrollView",
      "_parent": {
        "__id__": 33
      },
      "_children": [
        {
          "__id__": 35
        },
        {
          "__id__": 37
        }
      ],
      "_components": [
        {
          "__id__": 31
        }
      ],
      "_contentSize": {
        "__type__": "cc.Size",
        "width": 504,
        "height": 400
      },
      "_position": {
        "__type__": "cc.Vec3",
        "y": -22
      },
      "_scaleX": 1,
      "_scaleY": 1,
      "_scale": {
        "__type__": "cc.Vec3",
        "x": 1,
        "y": 1,
        "z": 1
      }
    },
    {
      "__type__": "cc.Node",
      "_name": "rankList",
      "_parent": {
        "__id__": 26
      },
      "_children": [
        {
          "__id__": 34
        },
        {
          "__id__": 32
        }
      ],
      "_components": [
        {
          "__type__": "cc.Widget",
          "node": {
            "__id__": 33
          },
          "_alignFlags": 32,
          "_right": 0.52,
          "_isAbsRight": false
        },
        {
          "__type__": "cc.Sprite",
          "node": {
            "__id__": 33
          },
          "_spriteFrame": {
            "__uuid__": "cafdc9UmpMhZcC61HpO52Z"
          },
          "_type": 1,
          "_sizeMode": 0
        }
      ],
      "_color": {
        "__type__": "cc.Color",
        "r": 184,
        "g": 184,
        "b": 184
      },
      "_contentSize": {
        "__type__": "cc.Size",
        "width": 504,
        "height": 500
      },
      "_position": {
        "__type__": "cc.Vec3",
        "x": -278.68000000000006,
        "y": 31
      },
      "_scaleX": 1,
      "_scaleY": 1,
      "_scale": {
        "__type__": "cc.Vec3",
        "x": 1,
        "y": 1,
        "z": 1
      }
    },
    {
      "__type__": "cc.Node",
      "_name": "rankinglist_title",
      "_parent": {
        "__id__": 33
      },
      "_components": [
        {
          "__type__": "cc.Sprite",
          "node": {
            "__id__": 34
          },
          "_spriteFrame": {
            "__uuid__": "a8sHzPEydJMbIa0yfNDizc"
          }
        }
      ],
      "_contentSize": {
        "__type__": "cc.Size",
        "width": 128,
        "height": 32
      },
      "_position": {
        "__type__": "cc.Vec3",
        "x": -159,
        "y": 213
      },
      "_scaleX": 1,
      "_scaleY": 1,
      "_scale": {
        "__type__": "cc.Vec3",
        "x": 1,
        "y": 1,
        "z": 1
      }
    },
    {
      "__type__": "cc.Node",
      "_name": "view",
      "_parent": {
        "__id__": 32
      },
      "_children": [
        {
          "__id__": 36
        }
      ],
      "_components": [
        {
          "__type__": "cc.Mask",
          "node": {
            "__id__": 35
          }
        }
      ],
      "_contentSize": {
        "__type__": "cc.Size",
        "width": 500,
        "height": 400
      },
      "_scaleX": 1,
      "_scaleY": 1,
      "_scale": {
        "__type__": "cc.Vec3",
        "x": 1,
        "y": 1,
        "z": 1
      }
    },
    {
      "__type__": "cc.Node",
      "_name": "content",
      "_parent": {
        "__id__": 35
      },
      "_components": [
        {
          "__type__": "cc.Layout",
          "node": {
            "__id__": 36
          },
          "_layoutSize": {
            "__type__": "cc.Size",
            "width": 500,
            "height": 18
          },
          "_N$layoutType": 2,
          "_N$spacingY": 2
        },
        {
          "__type__": "cc.Widget",
          "node": {
            "__id__": 36
          },
          "_alignFlags": 40,
          "_originalWidth": 500
        }
      ],
      "_contentSize": {
        "__type__": "cc.Size",
        "width": 500,
        "height": 18
      },
      "_anchorPoint": {
        "__type__": "cc.Vec2",
        "x": 0.5,
        "y": 1
      },
      "_position": {
        "__type__": "cc.Vec3",
        "y": 200
      },
      "_scaleX": 1,
      "_scaleY": 1,
      "_scale": {
        "__type__": "cc.Vec3",
        "x": 1,
        "y": 1,
        "z": 1
      }
    },
    {
      "__type__": "cc.Node",
      "_name": "scrollbar",
      "_parent": {
        "__id__": 32
      },
      "_children": [
        {
          "__id__": 38
        }
      ],
      "_components": [
        {
          "__type__": "cc.Sprite",
          "node": {
            "__id__": 37
          },
          "_spriteFrame": {
            "__uuid__": "8855/VlrRKd6H0MSRnFxAU"
          },
          "_sizeMode": 0
        },
        {
          "__id__": 40
        }
      ],
      "_contentSize": {
        "__type__": "cc.Size",
        "width": 20,
        "height": 400
      },
      "_position": {
        "__type__": "cc.Vec3",
        "x": 235,
        "y": -1
      },
      "_scaleX": 1,
      "_scaleY": 1,
      "_scale": {
        "__type__": "cc.Vec3",
        "x": 1,
        "y": 1,
        "z": 1
      }
    },
    {
      "__type__": "cc.Node",
      "_name": "bar",
      "_parent": {
        "__id__": 37
      },
      "_components": [
        {
          "__id__": 39
        }
      ],
      "_contentSize": {
        "__type__": "cc.Size",
        "width": 20,
        "height": 380
      },
      "_scaleX": 1,
      "_scaleY": 1,
      "_scale": {
        "__type__": "cc.Vec3",
        "x": 1,
        "y": 1,
        "z": 1
      }
    },
    {
      "__type__": "cc.Sprite",
      "node": {
        "__id__": 38
      },
      "_spriteFrame": {
        "__uuid__": "675ovJ2tVK2aLYfgPUWOMv"
      },
      "_type": 1,
      "_sizeMode": 0
    },
    {
      "__type__": "cc.Scrollbar",
      "node": {
        "__id__": 37
      },
      "_scrollView": {
        "__id__": 31
      },
      "_N$handle": {
        "__id__": 39
      },
      "_N$direction": 1
    },
    {
      "__type__": "cc.Node",
      "_name": "btnAdvance",
      "_parent": {
        "__id__": 26
      },
      "_components": [
        {
          "__type__": "cc.Widget",
          "node": {
            "__id__": 41
          },
          "_alignFlags": 8,
          "_left": 0.55,
          "_isAbsLeft": false
        },
        {
          "__type__": "cc.Sprite",
          "node": {
            "__id__": 41
          },
          "_spriteFrame": {
            "__uuid__": "93V1DuKiVNYKEPBrMADiir"
          }
        },
        {
          "__type__": "cc.Button",
          "node": {
            "__id__": 41
          },
          "pressedColor": {
            "__type__": "cc.Color",
            "r": 255,
            "g": 255,
            "b": 255
          },
          "clickEvents": [
            {
              "__type__": "cc.ClickEvent",
              "target": {
                "__id__": 28
              },
              "component": "Menu",
              "handler": "playGame"
            }
          ],
          "_N$normalColor": {
            "__type__": "cc.Color",
            "r": 255,
            "g": 255,
            "b": 255
          },
          "_N$disabledColor": {
            "__type__": "cc.Color",
            "r": 255,
            "g": 255,
            "b": 255
          },
          "_N$normalSprite": {
            "__uuid__": "f0BIwQ8D5Ml7nTNQbh1YlS"
          },
          "_N$pressedSprite": {
            "__uuid__": "e97GVMl6JHh5Ml5qEDdSGa"
          },
          "pressedSprite": {
            "__uuid__": "e97GVMl6JHh5Ml5qEDdSGa"
          },
          "_N$hoverSprite": {
            "__uuid__": "e97GVMl6JHh5Ml5qEDdSGa"
          },
          "hoverSprite": {
            "__uuid__": "e97GVMl6JHh5Ml5qEDdSGa"
          },
          "_N$disabledSprite": {
            "__uuid__": "29FYIk+N1GYaeWH/q1NxQO"
          },
          "_N$target": {
            "__id__": 41
          }
        },
        {
          "__type__": "a171dSnCXFMRIqs1IWdvgWM",
          "node": {
            "__id__": 41
          },
          "pressedScale": 0.85,
          "transDuration": 0.1
        }
      ],
      "_contentSize": {
        "__type__": "cc.Size",
        "width": 433,
        "height": 156
      },
      "_position": {
        "__type__": "cc.Vec3",
        "x": 283.20000000000005,
        "y": 30
      },
      "_scaleX": 1,
      "_scaleY": 1,
      "_scale": {
        "__type__": "cc.Vec3",
        "x": 1,
        "y": 1,
        "z": 1
      }
    },
    {
      "__type__": "cc.Node",
      "_name": "btnTournament",
      "_parent": {
        "__id__": 26
      },
      "_components": [
        {
          "__type__": "cc.Widget",
          "node": {
            "__id__": 42
          },
          "_alignFlags": 8,
          "_left": 0.55,
          "_isAbsLeft": false
        },
        {
          "__type__": "cc.Sprite",
          "node": {
            "__id__": 42
          },
          "_spriteFrame": {
            "__uuid__": "7d4k6EIb1DS4yisDHcu0OO"
          }
        },
        {
          "__type__": "cc.Button",
          "node": {
            "__id__": 42
          },
          "pressedColor": {
            "__type__": "cc.Color",
            "r": 255,
            "g": 255,
            "b": 255
          },
          "clickEvents": [
            {
              "__type__": "cc.ClickEvent",
              "target": {
                "__id__": 28
              },
              "component": "Menu",
              "handler": "playGame"
            }
          ],
          "_N$normalColor": {
            "__type__": "cc.Color",
            "r": 255,
            "g": 255,
            "b": 255
          },
          "_N$disabledColor": {
            "__type__": "cc.Color",
            "r": 255,
            "g": 255,
            "b": 255
          },
          "_N$normalSprite": {
            "__uuid__": "f0BIwQ8D5Ml7nTNQbh1YlS"
          },
          "_N$pressedSprite": {
            "__uuid__": "e97GVMl6JHh5Ml5qEDdSGa"
          },
          "pressedSprite": {
            "__uuid__": "e97GVMl6JHh5Ml5qEDdSGa"
          },
          "_N$hoverSprite": {
            "__uuid__": "e97GVMl6JHh5Ml5qEDdSGa"
          },
          "hoverSprite": {
            "__uuid__": "e97GVMl6JHh5Ml5qEDdSGa"
          },
          "_N$disabledSprite": {
            "__uuid__": "29FYIk+N1GYaeWH/q1NxQO"
          },
          "_N$target": {
            "__id__": 42
          }
        },
        {
          "__type__": "a171dSnCXFMRIqs1IWdvgWM",
          "node": {
            "__id__": 42
          },
          "pressedScale": 0.85,
          "transDuration": 0.1
        }
      ],
      "_contentSize": {
        "__type__": "cc.Size",
        "width": 432,
        "height": 150
      },
      "_position": {
        "__type__": "cc.Vec3",
        "x": 282.70000000000005,
        "y": -150
      },
      "_scaleX": 1,
      "_scaleY": 1,
      "_scale": {
        "__type__": "cc.Vec3",
        "x": 1,
        "y": 1,
        "z": 1
      }
    },
    {
      "__type__": "cc.Node",
      "_name": "update",
      "_parent": {
        "__id__": 2
      },
      "_children": [
        {
          "__id__": 44
        },
        {
          "__id__": 45
        }
      ],
      "_active": false,
      "_components": [
        {
          "__type__": "cc.Widget",
          "node": {
            "__id__": 43
          },
          "_alignFlags": 45
        }
      ],
      "_contentSize": {
        "__type__": "cc.Size",
        "width": 1334,
        "height": 750
      },
      "_scaleX": 1,
      "_scaleY": 1,
      "_scale": {
        "__type__": "cc.Vec3",
        "x": 1,
        "y": 1,
        "z": 1
      }
    },
    {
      "__type__": "cc.Node",
      "_name": "background_mask",
      "_parent": {
        "__id__": 43
      },
      "_components": [
        {
          "__type__": "cc.Sprite",
          "node": {
            "__id__": 44
          },
          "_spriteFrame": {
            "__uuid__": "7dHU5gq6JI6IX4jjKPNOfM"
          },
          "_type": 1,
          "_sizeMode": 0
        },
        {
          "__type__": "cc.Widget",
          "node": {
            "__id__": 44
          },
          "_alignFlags": 45,
          "_originalWidth": 54,
          "_originalHeight": 81
        }
      ],
      "_opacity": 100,
      "_contentSize": {
        "__type__": "cc.Size",
        "width": 1334,
        "height": 750
      },
      "_scaleX": 1,
      "_scaleY": 1,
      "_scale": {
        "__type__": "cc.Vec3",
        "x": 1,
        "y": 1,
        "z": 1
      }
    },
    {
      "__type__": "cc.Node",
      "_name": "update_panel",
      "_parent": {
        "__id__": 43
      },
      "_children": [
        {
          "__id__": 46
        },
        {
          "__id__": 47
        },
        {
          "__id__": 49
        }
      ],
      "_components": [
        {
          "__type__": "cc.Sprite",
          "node": {
            "__id__": 45
          },
          "_spriteFrame": {
            "__uuid__": "cafdc9UmpMhZcC61HpO52Z"
          },
          "_type": 1,
          "_sizeMode": 0
        }
      ],
      "_contentSize": {
        "__type__": "cc.Size",
        "width": 500,
        "height": 300
      },
      "_scaleX": 1,
      "_scaleY": 1,
      "_scale": {
        "__type__": "cc.Vec3",
        "x": 1,
        "y": 1,
        "z": 1
      }
    },
    {
      "__type__": "cc.Node",
      "_name": "update_title",
      "_parent": {
        "__id__": 45
      },
      "_components": [
        {
          "__type__": "cc.Label",
          "node": {
            "__id__": 46
          },
          "_useOriginalSize": false,
          "_string": "发现更新",
          "_N$string": "发现更新",
          "_N$horizontalAlign": 1,
          "_N$verticalAlign": 1
        }
      ],
      "_contentSize": {
        "__type__": "cc.Size",
        "width": 160,
        "height": 40
      },
      "_position": {
        "__type__": "cc.Vec3",
        "y": 115
      },
      "_scaleX": 1,
      "_scaleY": 1,
      "_scale": {
        "__type__": "cc.Vec3",
        "x": 1,
        "y": 1,
        "z": 1
      }
    },
    {
      "__type__": "cc.Node",
      "_name": "update_btn",
      "_parent": {
        "__id__": 45
      },
      "_children": [
        {
          "__id__": 48
        }
      ],
      "_components": [
        {
          "__type__": "cc.Widget",
          "node": {
            "__id__": 47
          }
        },
        {
          "__type__": "cc.Sprite",
          "node": {
            "__id__": 47
          },
          "_spriteFrame": {
            "__uuid__": "c0FGbqcoNPzrYVTueMd0rw"
          },
          "_type": 1,
          "_sizeMode": 0
        },
        {
          "__type__": "cc.Button",
          "node": {
            "__id__": 47
          },
          "pressedColor": {
            "__type__": "cc.Color",
            "r": 255,
            "g": 255,
            "b": 255
          },
          "clickEvents": [
            {
              "__type__": "cc.ClickEvent",
              "target": {
                "__id__": 2
              },
              "component": "HotUpdate",
              "handler": "hotUpdate"
            }
          ],
          "_N$normalColor": {
            "__type__": "cc.Color",
            "r": 255,
            "g": 255,
            "b": 255
          },
          "_N$disabledColor": {
            "__type__": "cc.Color",
            "r": 255,
            "g": 255,
            "b": 255
          },
          "_N$normalSprite": {
            "__uuid__": "c0FGbqcoNPzrYVTueMd0rw"
          },
          "_N$pressedSprite": {
            "__uuid__": "e97GVMl6JHh5Ml5qEDdSGa"
          },
          "pressedSprite": {
            "__uuid__": "e97GVMl6JHh5Ml5qEDdSGa"
          },
          "_N$hoverSprite": {
            "__uuid__": "e97GVMl6JHh5Ml5qEDdSGa"
          },
          "hoverSprite": {
            "__uuid__": "e97GVMl6JHh5Ml5qEDdSGa"
          },
          "_N$disabledSprite": {
            "__uuid__": "29FYIk+N1GYaeWH/q1NxQO"
          },
          "_N$target": {
            "__id__": 47
          }
        },
        {
          "__type__": "a171dSnCXFMRIqs1IWdvgWM",
          "node": {
            "__id__": 47
          },
          "pressedScale": 0.8,
          "transDuration": 0.1
        }
      ],
      "_contentSize": {
        "__type__": "cc.Size",
        "width": 250,
        "height": 100
      },
      "_position": {
        "__type__": "cc.Vec3",
        "y": -100
      },
      "_scaleX": 1,
      "_scaleY": 1,
      "_scale": {
        "__type__": "cc.Vec3",
        "x": 1,
        "y": 1,
        "z": 1
      }
    },
    {
      "__type__": "cc.Node",
      "_name": "Label",
      "_parent": {
        "__id__": 47
      },
      "_components": [
        {
          "__type__": "cc.Label",
          "node": {
            "__id__": 48
          },
          "_useOriginalSize": false,
          "_string": "立即更新",
          "_N$string": "立即更新",
          "_fontSize": 30,
          "_enableWrapText": false,
          "_N$horizontalAlign": 1,
          "_N$verticalAlign": 1
        }
      ],
      "_color": {
        "__type__": "cc.Color"
      },
      "_contentSize": {
        "__type__": "cc.Size",
        "width": 120,
        "height": 40
      },
      "_position": {
        "__type__": "cc.Vec3",
        "y": 11
      },
      "_scaleX": 1,
      "_scaleY": 1,
      "_scale": {
        "__type__": "cc.Vec3",
        "x": 1,
        "y": 1,
        "z": 1
      }
    },
    {
      "__type__": "cc.Node",
      "_name": "percent",
      "_parent": {
        "__id__": 45
      },
      "_components": [
        {
          "__id__": 50
        }
      ],
      "_contentSize": {
        "__type__": "cc.Size",
        "width": 57.8125,
        "height": 40
      },
      "_scaleX": 1,
      "_scaleY": 1,
      "_scale": {
        "__type__": "cc.Vec3",
        "x": 1,
        "y": 1,
        "z": 1
      }
    },
    {
      "__type__": "cc.Label",
      "node": {
        "__id__": 49
      },
      "_useOriginalSize": false,
      "_string": "0%",
      "_N$string": "0%",
      "_N$horizontalAlign": 1,
      "_N$verticalAlign": 1
    }
  ],
  {
    "__type__": "cc.SpriteFrame",
    "content": {
      "name": "button_jjc",
      "texture": "3c7bi0hTJAN6AOuNPgATFY",
      "rect": [
        0,
        0,
        433,
        160
      ],
      "offset": [
        0,
        0
      ],
      "originalSize": [
        433,
        160
      ]
    }
  },
  {
    "__type__": "cc.SpriteFrame",
    "content": {
      "name": "bg_changjing",
      "texture": "aeTiGIK3tCqYXhj7mHYAsE",
      "rect": [
        0,
        0,
        1334,
        750
      ],
      "offset": [
        0,
        0
      ],
      "originalSize": [
        1334,
        750
      ]
    }
  },
  {
    "__type__": "cc.SpriteFrame",
    "content": {
      "name": "rankinglist_title",
      "texture": "cayvqF2OlHFrzbfrpFfkCc",
      "rect": [
        0,
        0,
        128,
        32
      ],
      "offset": [
        0,
        0
      ],
      "originalSize": [
        128,
        32
      ]
    }
  },
  {
    "__type__": "cc.SpriteFrame",
    "content": {
      "name": "button_orange",
      "texture": "34Was2eCxMTorvcoCv+LJy",
      "rect": [
        0,
        0,
        240,
        95
      ],
      "offset": [
        0,
        0
      ],
      "originalSize": [
        240,
        95
      ]
    }
  },
  {
    "__type__": "cc.SpriteFrame",
    "content": {
      "name": "icon_rule",
      "texture": "151fPw+WVMAJRb0sj67ni2",
      "rect": [
        0,
        0,
        53,
        61
      ],
      "offset": [
        0,
        0
      ],
      "originalSize": [
        53,
        61
      ]
    }
  },
  {
    "__type__": "cc.SpriteFrame",
    "content": {
      "name": "bg_rankinglist",
      "texture": "70D6oXEaZGza611pALwmT4",
      "rect": [
        0,
        0,
        504,
        144
      ],
      "offset": [
        0,
        0
      ],
      "originalSize": [
        504,
        144
      ],
      "capInsets": [
        36,
        69,
        36,
        36
      ]
    }
  },
  {
    "__type__": "cc.SpriteFrame",
    "content": {
      "name": "bg_gold",
      "texture": "4eBsfxcqxOTpDeaD4WkFFW",
      "rect": [
        0,
        0,
        59,
        42
      ],
      "offset": [
        0,
        0
      ],
      "originalSize": [
        59,
        42
      ],
      "capInsets": [
        20,
        0,
        20,
        0
      ]
    }
  },
  {
    "__type__": "cc.SpriteFrame",
    "content": {
      "name": "button_ksks",
      "texture": "fczE2FatRJbZsz6nbmnaEy",
      "rect": [
        0,
        0,
        433,
        155
      ],
      "offset": [
        0,
        0
      ],
      "originalSize": [
        433,
        155
      ]
    }
  },
  {
    "__type__": "cc.SpriteFrame",
    "content": {
      "name": "default_btn_pressed",
      "texture": "b4P/PCArtIdIH38t6mlw8Y",
      "rect": [
        0,
        0,
        40,
        40
      ],
      "offset": [
        0,
        0
      ],
      "originalSize": [
        40,
        40
      ],
      "capInsets": [
        12,
        12,
        12,
        12
      ]
    }
  },
  {
    "__type__": "cc.SpriteFrame",
    "content": {
      "name": "bg_icon",
      "texture": "36tupz/0hDDqDHDl6N7+NB",
      "rect": [
        0,
        0,
        84,
        64
      ],
      "offset": [
        0,
        0
      ],
      "originalSize": [
        84,
        64
      ]
    }
  },
  {
    "__type__": "cc.SpriteFrame",
    "content": {
      "name": "default_btn_normal",
      "texture": "e8Ueib+qJEhL6mXAHdnwbi",
      "rect": [
        0,
        0,
        40,
        40
      ],
      "offset": [
        0,
        0
      ],
      "originalSize": [
        40,
        40
      ],
      "capInsets": [
        12,
        12,
        12,
        12
      ]
    }
  }
]