[
  {
    "__type__": "cc.BitmapFont",
    "_name": "poker_number",
    "spriteFrame": {
      "__uuid__": "bdFdZ6d6NHuL9NSf8lOIou"
    },
    "fontSize": 50,
    "_fntConfig": {
      "commonHeight": 51,
      "fontSize": 50,
      "atlasName": "poker_number.png",
      "fontDefDictionary": {
        "32": {
          "rect": {
            "x": 223,
            "y": 178,
            "width": 0,
            "height": 0
          },
          "xOffset": 0,
          "yOffset": 45,
          "xAdvance": 11
        },
        "36": {
          "rect": {
            "x": 2,
            "y": 2,
            "width": 24,
            "height": 50
          },
          "xOffset": 3,
          "yOffset": 1,
          "xAdvance": 27
        },
        "37": {
          "rect": {
            "x": 64,
            "y": 2,
            "width": 44,
            "height": 40
          },
          "xOffset": 2,
          "yOffset": 6,
          "xAdvance": 46
        },
        "43": {
          "rect": {
            "x": 166,
            "y": 178,
            "width": 26,
            "height": 28
          },
          "xOffset": 2,
          "yOffset": 11,
          "xAdvance": 27
        },
        "44": {
          "rect": {
            "x": 194,
            "y": 178,
            "width": 10,
            "height": 18
          },
          "xOffset": 3,
          "yOffset": 36,
          "xAdvance": 14
        },
        "45": {
          "rect": {
            "x": 206,
            "y": 178,
            "width": 15,
            "height": 6
          },
          "xOffset": 2,
          "yOffset": 27,
          "xAdvance": 17
        },
        "48": {
          "rect": {
            "x": 88,
            "y": 54,
            "width": 25,
            "height": 40
          },
          "xOffset": 2,
          "yOffset": 6,
          "xAdvance": 27
        },
        "49": {
          "rect": {
            "x": 133,
            "y": 178,
            "width": 22,
            "height": 39
          },
          "xOffset": 4,
          "yOffset": 6,
          "xAdvance": 27
        },
        "50": {
          "rect": {
            "x": 115,
            "y": 54,
            "width": 25,
            "height": 40
          },
          "xOffset": 2,
          "yOffset": 5,
          "xAdvance": 27
        },
        "51": {
          "rect": {
            "x": 32,
            "y": 54,
            "width": 26,
            "height": 40
          },
          "xOffset": 2,
          "yOffset": 6,
          "xAdvance": 27
        },
        "52": {
          "rect": {
            "x": 184,
            "y": 137,
            "width": 27,
            "height": 39
          },
          "xOffset": 1,
          "yOffset": 6,
          "xAdvance": 27
        },
        "53": {
          "rect": {
            "x": 60,
            "y": 54,
            "width": 26,
            "height": 40
          },
          "xOffset": 1,
          "yOffset": 6,
          "xAdvance": 27
        },
        "54": {
          "rect": {
            "x": 142,
            "y": 54,
            "width": 25,
            "height": 40
          },
          "xOffset": 3,
          "yOffset": 6,
          "xAdvance": 27
        },
        "55": {
          "rect": {
            "x": 30,
            "y": 178,
            "width": 25,
            "height": 39
          },
          "xOffset": 2,
          "yOffset": 6,
          "xAdvance": 27
        },
        "56": {
          "rect": {
            "x": 169,
            "y": 54,
            "width": 25,
            "height": 40
          },
          "xOffset": 2,
          "yOffset": 6,
          "xAdvance": 27
        },
        "57": {
          "rect": {
            "x": 196,
            "y": 54,
            "width": 25,
            "height": 40
          },
          "xOffset": 2,
          "yOffset": 6,
          "xAdvance": 27
        },
        "65": {
          "rect": {
            "x": 82,
            "y": 96,
            "width": 32,
            "height": 39
          },
          "xOffset": 0,
          "yOffset": 6,
          "xAdvance": 30
        },
        "66": {
          "rect": {
            "x": 64,
            "y": 137,
            "width": 28,
            "height": 39
          },
          "xOffset": 5,
          "yOffset": 6,
          "xAdvance": 33
        },
        "67": {
          "rect": {
            "x": 177,
            "y": 2,
            "width": 29,
            "height": 40
          },
          "xOffset": 3,
          "yOffset": 6,
          "xAdvance": 32
        },
        "68": {
          "rect": {
            "x": 149,
            "y": 96,
            "width": 29,
            "height": 39
          },
          "xOffset": 5,
          "yOffset": 6,
          "xAdvance": 34
        },
        "69": {
          "rect": {
            "x": 57,
            "y": 178,
            "width": 24,
            "height": 39
          },
          "xOffset": 5,
          "yOffset": 6,
          "xAdvance": 29
        },
        "70": {
          "rect": {
            "x": 83,
            "y": 178,
            "width": 23,
            "height": 39
          },
          "xOffset": 5,
          "yOffset": 6,
          "xAdvance": 27
        },
        "71": {
          "rect": {
            "x": 145,
            "y": 2,
            "width": 30,
            "height": 40
          },
          "xOffset": 3,
          "yOffset": 6,
          "xAdvance": 34
        },
        "72": {
          "rect": {
            "x": 94,
            "y": 137,
            "width": 28,
            "height": 39
          },
          "xOffset": 5,
          "yOffset": 6,
          "xAdvance": 36
        },
        "73": {
          "rect": {
            "x": 157,
            "y": 178,
            "width": 7,
            "height": 39
          },
          "xOffset": 5,
          "yOffset": 6,
          "xAdvance": 14
        },
        "74": {
          "rect": {
            "x": 223,
            "y": 54,
            "width": 22,
            "height": 40
          },
          "xOffset": 2,
          "yOffset": 6,
          "xAdvance": 27
        },
        "75": {
          "rect": {
            "x": 180,
            "y": 96,
            "width": 29,
            "height": 39
          },
          "xOffset": 5,
          "yOffset": 6,
          "xAdvance": 32
        },
        "76": {
          "rect": {
            "x": 108,
            "y": 178,
            "width": 23,
            "height": 39
          },
          "xOffset": 5,
          "yOffset": 6,
          "xAdvance": 27
        },
        "77": {
          "rect": {
            "x": 47,
            "y": 96,
            "width": 33,
            "height": 39
          },
          "xOffset": 5,
          "yOffset": 6,
          "xAdvance": 40
        },
        "78": {
          "rect": {
            "x": 124,
            "y": 137,
            "width": 28,
            "height": 39
          },
          "xOffset": 5,
          "yOffset": 6,
          "xAdvance": 36
        },
        "79": {
          "rect": {
            "x": 110,
            "y": 2,
            "width": 33,
            "height": 40
          },
          "xOffset": 3,
          "yOffset": 6,
          "xAdvance": 37
        },
        "80": {
          "rect": {
            "x": 2,
            "y": 178,
            "width": 26,
            "height": 39
          },
          "xOffset": 5,
          "yOffset": 6,
          "xAdvance": 31
        },
        "81": {
          "rect": {
            "x": 28,
            "y": 2,
            "width": 34,
            "height": 49
          },
          "xOffset": 3,
          "yOffset": 5,
          "xAdvance": 37
        },
        "82": {
          "rect": {
            "x": 213,
            "y": 137,
            "width": 27,
            "height": 39
          },
          "xOffset": 5,
          "yOffset": 6,
          "xAdvance": 31
        },
        "83": {
          "rect": {
            "x": 208,
            "y": 2,
            "width": 28,
            "height": 40
          },
          "xOffset": 2,
          "yOffset": 6,
          "xAdvance": 30
        },
        "84": {
          "rect": {
            "x": 211,
            "y": 96,
            "width": 29,
            "height": 39
          },
          "xOffset": 2,
          "yOffset": 6,
          "xAdvance": 30
        },
        "85": {
          "rect": {
            "x": 2,
            "y": 54,
            "width": 28,
            "height": 40
          },
          "xOffset": 5,
          "yOffset": 6,
          "xAdvance": 36
        },
        "86": {
          "rect": {
            "x": 116,
            "y": 96,
            "width": 31,
            "height": 39
          },
          "xOffset": 0,
          "yOffset": 6,
          "xAdvance": 28
        },
        "87": {
          "rect": {
            "x": 2,
            "y": 96,
            "width": 43,
            "height": 39
          },
          "xOffset": 1,
          "yOffset": 6,
          "xAdvance": 44
        },
        "88": {
          "rect": {
            "x": 2,
            "y": 137,
            "width": 29,
            "height": 39
          },
          "xOffset": 1,
          "yOffset": 6,
          "xAdvance": 28
        },
        "89": {
          "rect": {
            "x": 33,
            "y": 137,
            "width": 29,
            "height": 39
          },
          "xOffset": 0,
          "yOffset": 6,
          "xAdvance": 26
        },
        "90": {
          "rect": {
            "x": 154,
            "y": 137,
            "width": 28,
            "height": 39
          },
          "xOffset": 3,
          "yOffset": 6,
          "xAdvance": 30
        }
      },
      "kerningDict": {}
    }
  },
  {
    "__type__": "cc.SpriteFrame",
    "content": {
      "name": "poker_number",
      "texture": "02Wa/XmBlPFa00OiedJG/n",
      "rect": [
        2,
        2,
        242,
        214
      ],
      "offset": [
        -5,
        19
      ],
      "originalSize": [
        256,
        256
      ]
    }
  }
]