[
  {
    "__type__": "cc.SpriteFrame",
    "content": {
      "name": "circle_3",
      "texture": "2cWfyAxZZKYJrZCMS2ABmG",
      "rect": [
        0,
        0,
        130,
        130
      ],
      "offset": [
        0,
        0
      ],
      "originalSize": [
        130,
        130
      ]
    }
  },
  {
    "__type__": "cc.SpriteFrame",
    "content": {
      "name": "baopai",
      "texture": "65Fs7WqEZAy4qHGKx1X0y6",
      "rect": [
        0,
        0,
        82,
        37
      ],
      "offset": [
        0,
        0
      ],
      "originalSize": [
        82,
        37
      ],
      "capInsets": [
        9,
        0,
        14,
        0
      ]
    }
  },
  {
    "__type__": "cc.SpriteFrame",
    "content": {
      "name": "daojishi_photo",
      "texture": "18GqWNIJBEJ5gr8KLlzBmu",
      "rect": [
        0,
        0,
        140,
        140
      ],
      "offset": [
        0,
        0
      ],
      "originalSize": [
        140,
        140
      ]
    }
  },
  {
    "__type__": "cc.SpriteFrame",
    "content": {
      "name": "icon_gold_small",
      "texture": "52ReJcAQxF+4Sj87zpV5Pn",
      "rect": [
        0,
        0,
        37,
        38
      ],
      "offset": [
        0,
        0
      ],
      "originalSize": [
        37,
        38
      ]
    }
  },
  {
    "__type__": "cc.SpriteFrame",
    "content": {
      "name": "BLACK JACK_1",
      "texture": "2e3MQS+i5Os75gLQBuqLyS",
      "rect": [
        0,
        76,
        250,
        79
      ],
      "offset": [
        0,
        9.5
      ],
      "originalSize": [
        250,
        250
      ]
    }
  },
  {
    "__type__": "cc.SpriteFrame",
    "content": {
      "name": "bg_stroke2",
      "texture": "85zsS2NBFGSJTCfDSoMkmJ",
      "rect": [
        0,
        0,
        141,
        78
      ],
      "offset": [
        0,
        0
      ],
      "originalSize": [
        141,
        78
      ]
    }
  },
  {
    "__type__": "cc.SpriteFrame",
    "content": {
      "name": "bg_gold_zhuozi",
      "texture": "5eazZrPHRNAK2pNbgG9Qul",
      "rect": [
        0,
        0,
        91,
        30
      ],
      "offset": [
        0,
        0
      ],
      "originalSize": [
        91,
        30
      ],
      "capInsets": [
        16,
        0,
        14,
        0
      ]
    }
  },
  [
    {
      "__type__": "cc.Prefab",
      "_name": "playerPrefab",
      "data": {
        "__id__": 1
      }
    },
    {
      "__type__": "cc.Node",
      "_name": "playerPrefab",
      "_children": [
        {
          "__id__": 2
        },
        {
          "__id__": 3
        },
        {
          "__id__": 14
        },
        {
          "__id__": 29
        },
        {
          "__id__": 34
        }
      ],
      "_components": [
        {
          "__type__": "1a792KO87NBg7vCCIp1jq+j",
          "node": {
            "__id__": 1
          },
          "playerInfo": {
            "__id__": 3
          },
          "stakeOnTable": {
            "__id__": 14
          },
          "cardInfo": {
            "__id__": 29
          },
          "cardPrefab": {
            "__uuid__": "1b4azjubNL9JxFXB2ezKwI"
          },
          "anchorCards": {
            "__id__": 2
          },
          "spPlayerName": {
            "__id__": 9
          },
          "labelPlayerName": {
            "__id__": 6
          },
          "labelTotalStake": {
            "__id__": 8
          },
          "spPlayerPhoto": {
            "__id__": 11
          },
          "spCountdown": {
            "__id__": 13
          },
          "labelStakeOnTable": {
            "__id__": 17
          },
          "spChips": [
            {
              "__id__": 20
            },
            {
              "__id__": 22
            },
            {
              "__id__": 24
            },
            {
              "__id__": 26
            },
            {
              "__id__": 28
            }
          ],
          "labelCardInfo": {
            "__id__": 32
          },
          "spCardInfo": {
            "__id__": 33
          },
          "animFX": {
            "__id__": 34
          },
          "cardSpace": 30
        },
        {
          "__type__": "226a2AvzRpHL7SJGTMy5PDX",
          "node": {
            "__id__": 1
          },
          "renderer": {
            "__id__": 1
          }
        }
      ],
      "_prefab": {
        "__type__": "cc.PrefabInfo",
        "root": {
          "__id__": 1
        },
        "asset": {
          "__uuid__": "e7tIEbP7BOL6MfdXqHJzyp"
        },
        "fileId": "c3d35QICQ9OzaaybvkReu95"
      },
      "_position": {
        "__type__": "cc.Vec3",
        "x": 776,
        "y": 894
      },
      "_scaleX": 1,
      "_scaleY": 1,
      "_scale": {
        "__type__": "cc.Vec3",
        "x": 1,
        "y": 1,
        "z": 1
      }
    },
    {
      "__type__": "cc.Node",
      "_name": "anchorCards",
      "_parent": {
        "__id__": 1
      },
      "_prefab": {
        "__type__": "cc.PrefabInfo",
        "root": {
          "__id__": 1
        },
        "asset": {
          "__uuid__": "e7tIEbP7BOL6MfdXqHJzyp"
        },
        "fileId": "5a9b9Y/BVtEga98djkfx3AY"
      },
      "_scaleX": 1,
      "_scaleY": 1,
      "_scale": {
        "__type__": "cc.Vec3",
        "x": 1,
        "y": 1,
        "z": 1
      }
    },
    {
      "__type__": "cc.Node",
      "_name": "playerInfo",
      "_parent": {
        "__id__": 1
      },
      "_children": [
        {
          "__id__": 4
        },
        {
          "__id__": 10
        },
        {
          "__id__": 12
        }
      ],
      "_prefab": {
        "__type__": "cc.PrefabInfo",
        "root": {
          "__id__": 1
        },
        "asset": {
          "__uuid__": "e7tIEbP7BOL6MfdXqHJzyp"
        },
        "fileId": "0c62e8vP2dL+aYAKXvUqTxm"
      },
      "_position": {
        "__type__": "cc.Vec3",
        "x": 133,
        "y": -9
      },
      "_scaleX": 1,
      "_scaleY": 1,
      "_scale": {
        "__type__": "cc.Vec3",
        "x": 1,
        "y": 1,
        "z": 1
      }
    },
    {
      "__type__": "cc.Node",
      "_name": "namePlate",
      "_parent": {
        "__id__": 3
      },
      "_children": [
        {
          "__id__": 5
        },
        {
          "__id__": 7
        }
      ],
      "_components": [
        {
          "__id__": 9
        },
        {
          "__type__": "3aae7lZKyhPqqsLD3wMKl6X",
          "node": {
            "__id__": 4
          },
          "retainSideNodes": [
            {
              "__id__": 5
            },
            {
              "__id__": 7
            }
          ]
        }
      ],
      "_prefab": {
        "__type__": "cc.PrefabInfo",
        "root": {
          "__id__": 1
        },
        "asset": {
          "__uuid__": "e7tIEbP7BOL6MfdXqHJzyp"
        },
        "fileId": "77055EDq3JKtLg7lRunCqTJ"
      },
      "_contentSize": {
        "__type__": "cc.Size",
        "width": 141,
        "height": 78
      },
      "_anchorPoint": {
        "__type__": "cc.Vec2",
        "x": 1.35,
        "y": 0.5
      },
      "_scaleX": 1,
      "_scaleY": 1,
      "_scale": {
        "__type__": "cc.Vec3",
        "x": 1,
        "y": 1,
        "z": 1
      }
    },
    {
      "__type__": "cc.Node",
      "_name": "playerName",
      "_parent": {
        "__id__": 4
      },
      "_components": [
        {
          "__id__": 6
        }
      ],
      "_prefab": {
        "__type__": "cc.PrefabInfo",
        "root": {
          "__id__": 1
        },
        "asset": {
          "__uuid__": "e7tIEbP7BOL6MfdXqHJzyp"
        },
        "fileId": "e76f06EwdtNyYjxCuZ+8rrL"
      },
      "_contentSize": {
        "__type__": "cc.Size",
        "width": 113,
        "height": 32
      },
      "_position": {
        "__type__": "cc.Vec3",
        "x": -122,
        "y": 19
      },
      "_scaleX": 1,
      "_scaleY": 1,
      "_scale": {
        "__type__": "cc.Vec3",
        "x": 1,
        "y": 1,
        "z": 1
      }
    },
    {
      "__type__": "cc.Label",
      "node": {
        "__id__": 5
      },
      "_useOriginalSize": false,
      "_string": "名字五个字",
      "_N$string": "名字五个字",
      "_fontSize": 20,
      "_lineHeight": 20,
      "_N$horizontalAlign": 1,
      "_N$verticalAlign": 1,
      "_N$overflow": 2
    },
    {
      "__type__": "cc.Node",
      "_name": "stakeNum",
      "_parent": {
        "__id__": 4
      },
      "_components": [
        {
          "__id__": 8
        }
      ],
      "_prefab": {
        "__type__": "cc.PrefabInfo",
        "root": {
          "__id__": 1
        },
        "asset": {
          "__uuid__": "e7tIEbP7BOL6MfdXqHJzyp"
        },
        "fileId": "c9dd3WlO5BCso/Vr2/DPmQI"
      },
      "_contentSize": {
        "__type__": "cc.Size",
        "width": 113,
        "height": 32
      },
      "_position": {
        "__type__": "cc.Vec3",
        "x": -122,
        "y": -9
      },
      "_scaleX": 1,
      "_scaleY": 1,
      "_scale": {
        "__type__": "cc.Vec3",
        "x": 1,
        "y": 1,
        "z": 1
      }
    },
    {
      "__type__": "cc.Label",
      "node": {
        "__id__": 7
      },
      "_useOriginalSize": false,
      "_string": "$2000",
      "_N$string": "$2000",
      "_fontSize": 25,
      "_lineHeight": 25,
      "_N$file": {
        "__uuid__": "f6Dvq3uqVOwqspyCw6sCn0"
      },
      "_isSystemFontUsed": false,
      "_N$horizontalAlign": 1,
      "_N$verticalAlign": 1,
      "_N$overflow": 1
    },
    {
      "__type__": "cc.Sprite",
      "node": {
        "__id__": 4
      },
      "_spriteFrame": {
        "__uuid__": "cesXUsls9KOpLoxyE7E5T9"
      }
    },
    {
      "__type__": "cc.Node",
      "_name": "playerPhoto",
      "_parent": {
        "__id__": 3
      },
      "_components": [
        {
          "__id__": 11
        }
      ],
      "_prefab": {
        "__type__": "cc.PrefabInfo",
        "root": {
          "__id__": 1
        },
        "asset": {
          "__uuid__": "e7tIEbP7BOL6MfdXqHJzyp"
        },
        "fileId": "4fe6bIRzglLSKlnGM6Zf1Yy"
      },
      "_contentSize": {
        "__type__": "cc.Size",
        "width": 130,
        "height": 130
      },
      "_scaleX": 1,
      "_scaleY": 1,
      "_scale": {
        "__type__": "cc.Vec3",
        "x": 1,
        "y": 1,
        "z": 1
      }
    },
    {
      "__type__": "cc.Sprite",
      "node": {
        "__id__": 10
      },
      "_spriteFrame": {
        "__uuid__": "32P+wlOCVL4J7nKIjM9Pau"
      }
    },
    {
      "__type__": "cc.Node",
      "_name": "countdown",
      "_parent": {
        "__id__": 3
      },
      "_active": false,
      "_components": [
        {
          "__id__": 13
        }
      ],
      "_prefab": {
        "__type__": "cc.PrefabInfo",
        "root": {
          "__id__": 1
        },
        "asset": {
          "__uuid__": "e7tIEbP7BOL6MfdXqHJzyp"
        },
        "fileId": "09e8ap3fZtMA6mZ1IWHOfd5"
      },
      "_contentSize": {
        "__type__": "cc.Size",
        "width": 140,
        "height": 140
      },
      "_scaleX": 1,
      "_scaleY": 1,
      "_scale": {
        "__type__": "cc.Vec3",
        "x": 1,
        "y": 1,
        "z": 1
      }
    },
    {
      "__type__": "cc.Sprite",
      "node": {
        "__id__": 12
      },
      "_spriteFrame": {
        "__uuid__": "72eZ/cLkFCiaDgLhMkLKb3"
      }
    },
    {
      "__type__": "cc.Node",
      "_name": "stakeOnTable",
      "_parent": {
        "__id__": 1
      },
      "_children": [
        {
          "__id__": 15
        },
        {
          "__id__": 18
        }
      ],
      "_prefab": {
        "__type__": "cc.PrefabInfo",
        "root": {
          "__id__": 1
        },
        "asset": {
          "__uuid__": "e7tIEbP7BOL6MfdXqHJzyp"
        },
        "fileId": "c5defMWQE9Ib6r+4PKuWg27"
      },
      "_position": {
        "__type__": "cc.Vec3",
        "y": 79
      },
      "_scaleX": 1,
      "_scaleY": 1,
      "_scale": {
        "__type__": "cc.Vec3",
        "x": 1,
        "y": 1,
        "z": 1
      }
    },
    {
      "__type__": "cc.Node",
      "_name": "bg",
      "_parent": {
        "__id__": 14
      },
      "_children": [
        {
          "__id__": 16
        }
      ],
      "_components": [
        {
          "__type__": "cc.Sprite",
          "node": {
            "__id__": 15
          },
          "_spriteFrame": {
            "__uuid__": "dbKFv+pf1JXLjvWOOMYTPZ"
          },
          "_type": 1
        }
      ],
      "_prefab": {
        "__type__": "cc.PrefabInfo",
        "root": {
          "__id__": 1
        },
        "asset": {
          "__uuid__": "e7tIEbP7BOL6MfdXqHJzyp"
        },
        "fileId": "16a0addAFFL9Y6TXQSveIiR"
      },
      "_contentSize": {
        "__type__": "cc.Size",
        "width": 91,
        "height": 30
      },
      "_position": {
        "__type__": "cc.Vec3",
        "x": 9,
        "y": 2.2
      },
      "_scaleX": 1,
      "_scaleY": 1,
      "_scale": {
        "__type__": "cc.Vec3",
        "x": 1,
        "y": 1,
        "z": 1
      }
    },
    {
      "__type__": "cc.Node",
      "_name": "stakeNum",
      "_parent": {
        "__id__": 15
      },
      "_components": [
        {
          "__id__": 17
        }
      ],
      "_prefab": {
        "__type__": "cc.PrefabInfo",
        "root": {
          "__id__": 1
        },
        "asset": {
          "__uuid__": "e7tIEbP7BOL6MfdXqHJzyp"
        },
        "fileId": "df42aO5iyFDfrwXPJEIj3fy"
      },
      "_contentSize": {
        "__type__": "cc.Size",
        "width": 75.4,
        "height": 25
      },
      "_position": {
        "__type__": "cc.Vec3",
        "x": 2.7
      },
      "_scaleX": 1,
      "_scaleY": 1,
      "_scale": {
        "__type__": "cc.Vec3",
        "x": 1,
        "y": 1,
        "z": 1
      }
    },
    {
      "__type__": "cc.Label",
      "node": {
        "__id__": 16
      },
      "_useOriginalSize": false,
      "_string": "0",
      "_N$string": "0",
      "_fontSize": 25,
      "_lineHeight": 25,
      "_N$horizontalAlign": 1,
      "_N$verticalAlign": 1,
      "_N$overflow": 1
    },
    {
      "__type__": "cc.Node",
      "_name": "chips",
      "_parent": {
        "__id__": 14
      },
      "_children": [
        {
          "__id__": 19
        },
        {
          "__id__": 21
        },
        {
          "__id__": 23
        },
        {
          "__id__": 25
        },
        {
          "__id__": 27
        }
      ],
      "_prefab": {
        "__type__": "cc.PrefabInfo",
        "root": {
          "__id__": 1
        },
        "asset": {
          "__uuid__": "e7tIEbP7BOL6MfdXqHJzyp"
        },
        "fileId": "2aa16cwYe1IKbJHYUrqDSiH"
      },
      "_position": {
        "__type__": "cc.Vec3",
        "x": -42,
        "y": 2.2
      },
      "_scaleX": 1,
      "_scaleY": 1,
      "_scale": {
        "__type__": "cc.Vec3",
        "x": 1,
        "y": 1,
        "z": 1
      }
    },
    {
      "__type__": "cc.Node",
      "_name": "chip0",
      "_parent": {
        "__id__": 18
      },
      "_components": [
        {
          "__id__": 20
        }
      ],
      "_prefab": {
        "__type__": "cc.PrefabInfo",
        "root": {
          "__id__": 1
        },
        "asset": {
          "__uuid__": "e7tIEbP7BOL6MfdXqHJzyp"
        },
        "fileId": "ab371bh0lVI/olyHGOaOvSD"
      },
      "_contentSize": {
        "__type__": "cc.Size",
        "width": 37,
        "height": 38
      },
      "_scaleX": 1,
      "_scaleY": 1,
      "_scale": {
        "__type__": "cc.Vec3",
        "x": 1,
        "y": 1,
        "z": 1
      }
    },
    {
      "__type__": "cc.Sprite",
      "node": {
        "__id__": 19
      },
      "_spriteFrame": {
        "__uuid__": "74WfyONyNNlYWUrI7qmfJ+"
      }
    },
    {
      "__type__": "cc.Node",
      "_name": "chip1",
      "_parent": {
        "__id__": 18
      },
      "_components": [
        {
          "__id__": 22
        }
      ],
      "_prefab": {
        "__type__": "cc.PrefabInfo",
        "root": {
          "__id__": 1
        },
        "asset": {
          "__uuid__": "e7tIEbP7BOL6MfdXqHJzyp"
        },
        "fileId": "c6e91yGRGNFbIN6a+/6Qcc/"
      },
      "_contentSize": {
        "__type__": "cc.Size",
        "width": 37,
        "height": 38
      },
      "_position": {
        "__type__": "cc.Vec3",
        "y": 5
      },
      "_scaleX": 1,
      "_scaleY": 1,
      "_scale": {
        "__type__": "cc.Vec3",
        "x": 1,
        "y": 1,
        "z": 1
      }
    },
    {
      "__type__": "cc.Sprite",
      "node": {
        "__id__": 21
      },
      "_spriteFrame": {
        "__uuid__": "74WfyONyNNlYWUrI7qmfJ+"
      }
    },
    {
      "__type__": "cc.Node",
      "_name": "chip2",
      "_parent": {
        "__id__": 18
      },
      "_components": [
        {
          "__id__": 24
        }
      ],
      "_prefab": {
        "__type__": "cc.PrefabInfo",
        "root": {
          "__id__": 1
        },
        "asset": {
          "__uuid__": "e7tIEbP7BOL6MfdXqHJzyp"
        },
        "fileId": "caf46ATESxMpI8t/JwDBJ6J"
      },
      "_contentSize": {
        "__type__": "cc.Size",
        "width": 37,
        "height": 38
      },
      "_position": {
        "__type__": "cc.Vec3",
        "y": 10
      },
      "_scaleX": 1,
      "_scaleY": 1,
      "_scale": {
        "__type__": "cc.Vec3",
        "x": 1,
        "y": 1,
        "z": 1
      }
    },
    {
      "__type__": "cc.Sprite",
      "node": {
        "__id__": 23
      },
      "_spriteFrame": {
        "__uuid__": "74WfyONyNNlYWUrI7qmfJ+"
      }
    },
    {
      "__type__": "cc.Node",
      "_name": "chip3",
      "_parent": {
        "__id__": 18
      },
      "_components": [
        {
          "__id__": 26
        }
      ],
      "_prefab": {
        "__type__": "cc.PrefabInfo",
        "root": {
          "__id__": 1
        },
        "asset": {
          "__uuid__": "e7tIEbP7BOL6MfdXqHJzyp"
        },
        "fileId": "a66e1SBWcREFKvWW6Ulxbr0"
      },
      "_contentSize": {
        "__type__": "cc.Size",
        "width": 37,
        "height": 38
      },
      "_position": {
        "__type__": "cc.Vec3",
        "y": 15
      },
      "_scaleX": 1,
      "_scaleY": 1,
      "_scale": {
        "__type__": "cc.Vec3",
        "x": 1,
        "y": 1,
        "z": 1
      }
    },
    {
      "__type__": "cc.Sprite",
      "node": {
        "__id__": 25
      },
      "_spriteFrame": {
        "__uuid__": "74WfyONyNNlYWUrI7qmfJ+"
      }
    },
    {
      "__type__": "cc.Node",
      "_name": "chip4",
      "_parent": {
        "__id__": 18
      },
      "_components": [
        {
          "__id__": 28
        }
      ],
      "_prefab": {
        "__type__": "cc.PrefabInfo",
        "root": {
          "__id__": 1
        },
        "asset": {
          "__uuid__": "e7tIEbP7BOL6MfdXqHJzyp"
        },
        "fileId": "69256kxR9dCNLlRlMLR2QUi"
      },
      "_contentSize": {
        "__type__": "cc.Size",
        "width": 37,
        "height": 38
      },
      "_position": {
        "__type__": "cc.Vec3",
        "y": 20
      },
      "_scaleX": 1,
      "_scaleY": 1,
      "_scale": {
        "__type__": "cc.Vec3",
        "x": 1,
        "y": 1,
        "z": 1
      }
    },
    {
      "__type__": "cc.Sprite",
      "node": {
        "__id__": 27
      },
      "_spriteFrame": {
        "__uuid__": "74WfyONyNNlYWUrI7qmfJ+"
      }
    },
    {
      "__type__": "cc.Node",
      "_name": "cardInfo",
      "_parent": {
        "__id__": 1
      },
      "_children": [
        {
          "__id__": 30
        }
      ],
      "_prefab": {
        "__type__": "cc.PrefabInfo",
        "root": {
          "__id__": 1
        },
        "asset": {
          "__uuid__": "e7tIEbP7BOL6MfdXqHJzyp"
        },
        "fileId": "6c7daYXJTlDsq2Gy4xxx1Yy"
      },
      "_position": {
        "__type__": "cc.Vec3",
        "x": -58
      },
      "_scaleX": 1,
      "_scaleY": 1,
      "_scale": {
        "__type__": "cc.Vec3",
        "x": 1,
        "y": 1,
        "z": 1
      }
    },
    {
      "__type__": "cc.Node",
      "_name": "infoBG",
      "_parent": {
        "__id__": 29
      },
      "_children": [
        {
          "__id__": 31
        }
      ],
      "_components": [
        {
          "__id__": 33
        },
        {
          "__type__": "3aae7lZKyhPqqsLD3wMKl6X",
          "node": {
            "__id__": 30
          },
          "retainSideNodes": [
            {
              "__id__": 31
            }
          ]
        }
      ],
      "_prefab": {
        "__type__": "cc.PrefabInfo",
        "root": {
          "__id__": 1
        },
        "asset": {
          "__uuid__": "e7tIEbP7BOL6MfdXqHJzyp"
        },
        "fileId": "8a14a4xeYdA9resao/63kLf"
      },
      "_contentSize": {
        "__type__": "cc.Size",
        "width": 82,
        "height": 37
      },
      "_anchorPoint": {
        "__type__": "cc.Vec2",
        "x": 1,
        "y": 0.5
      },
      "_scaleX": -1,
      "_scaleY": 1,
      "_scale": {
        "__type__": "cc.Vec3",
        "x": 1,
        "y": 1,
        "z": 1
      }
    },
    {
      "__type__": "cc.Node",
      "_name": "text",
      "_parent": {
        "__id__": 30
      },
      "_components": [
        {
          "__id__": 32
        },
        {
          "__type__": "cc.Widget",
          "node": {
            "__id__": 31
          },
          "_wasAlignOnce": {},
          "isAlignOnce": {},
          "_alignFlags": 45,
          "_originalWidth": 128,
          "_originalHeight": 50
        }
      ],
      "_prefab": {
        "__type__": "cc.PrefabInfo",
        "root": {
          "__id__": 1
        },
        "asset": {
          "__uuid__": "e7tIEbP7BOL6MfdXqHJzyp"
        },
        "fileId": "af75dAhjzJMpIpv9aCfR5xU"
      },
      "_contentSize": {
        "__type__": "cc.Size",
        "width": 82,
        "height": 37
      },
      "_position": {
        "__type__": "cc.Vec3",
        "x": -41
      },
      "_scaleX": -1,
      "_scaleY": 1,
      "_scale": {
        "__type__": "cc.Vec3",
        "x": 1,
        "y": 1,
        "z": 1
      }
    },
    {
      "__type__": "cc.Label",
      "node": {
        "__id__": 31
      },
      "_useOriginalSize": false,
      "_string": "爆牌",
      "_N$string": "爆牌",
      "_fontSize": 20,
      "_lineHeight": 20,
      "_N$horizontalAlign": 1,
      "_N$verticalAlign": 1,
      "_N$overflow": 1
    },
    {
      "__type__": "cc.Sprite",
      "node": {
        "__id__": 30
      },
      "_spriteFrame": {
        "__uuid__": "62wAfnB25ORKV9M71+fNNQ"
      }
    },
    {
      "__type__": "cc.Node",
      "_name": "FXPlayer",
      "_parent": {
        "__id__": 1
      },
      "_components": [
        {
          "__type__": "cc.Sprite",
          "node": {
            "__id__": 34
          },
          "_spriteFrame": {
            "__uuid__": "81DT3Mi0tCcqEzLJGm52SI"
          }
        },
        {
          "__type__": "cc.Animation",
          "node": {
            "__id__": 34
          },
          "_clips": [
            {
              "__uuid__": "b54W0t24tCZKUMe5gSGp9C"
            },
            {
              "__uuid__": "e1+sxAANBPrIXdBR/iIKjh"
            }
          ]
        },
        {
          "__type__": "68da2yjdGVMSYhXLN9DukIB",
          "node": {
            "__id__": 34
          }
        }
      ],
      "_prefab": {
        "__type__": "cc.PrefabInfo",
        "root": {
          "__id__": 1
        },
        "asset": {
          "__uuid__": "e7tIEbP7BOL6MfdXqHJzyp"
        },
        "fileId": "da0e5Av0d9HS5llxjiCBeSd"
      },
      "_contentSize": {
        "__type__": "cc.Size",
        "width": 250,
        "height": 79
      },
      "_scaleX": 1,
      "_scaleY": 1,
      "_scale": {
        "__type__": "cc.Vec3",
        "x": 1,
        "y": 1,
        "z": 1
      }
    }
  ]
]