[
  {
    "__type__": "cc.SpriteFrame",
    "content": {
      "name": "user-image4",
      "texture": "19UJux3AhMv6uPJGDiByZc",
      "rect": [
        0,
        0,
        68,
        68
      ],
      "offset": [
        0,
        0
      ],
      "originalSize": [
        68,
        68
      ]
    }
  },
  {
    "__type__": "cc.SpriteFrame",
    "content": {
      "name": "user-image2",
      "texture": "d53+ao6xlKrqdPg7ceqlfc",
      "rect": [
        0,
        0,
        65,
        65
      ],
      "offset": [
        0,
        0
      ],
      "originalSize": [
        65,
        65
      ]
    }
  },
  [
    {
      "__type__": "cc.Prefab",
      "_name": "rankItem",
      "data": {
        "__id__": 1
      },
      "asyncLoadAssets": null
    },
    {
      "__type__": "cc.Node",
      "_name": "rankItem",
      "_children": [
        {
          "__id__": 2
        },
        {
          "__id__": 6
        },
        {
          "__id__": 7
        },
        {
          "__id__": 10
        },
        {
          "__id__": 12
        }
      ],
      "_components": [
        {
          "__type__": "cc.Widget",
          "node": {
            "__id__": 1
          },
          "_alignFlags": 40,
          "_left": 20.476011994003,
          "_right": 19.523988005997,
          "_originalWidth": 200
        },
        {
          "__type__": "1657ewfijBOXLq5zGqr6PvE",
          "node": {
            "__id__": 1
          },
          "spRankBG": {
            "__id__": 5
          },
          "labelRank": {
            "__id__": 4
          },
          "labelPlayerName": {
            "__id__": 11
          },
          "labelGold": {
            "__id__": 14
          },
          "spPlayerPhoto": {
            "__id__": 9
          },
          "texRankBG": [
            {
              "__uuid__": "efKHgzRZ9P9KQ6em3cjJWp"
            },
            {
              "__uuid__": "8a941lS0FNWaaDJlmraQTL"
            },
            {
              "__uuid__": "91PhIbd3BFk5o0+MobPjsv"
            },
            {
              "__uuid__": "42uEUGVbRLmI0us/jP5/v4"
            }
          ],
          "texPlayerPhoto": [
            {
              "__uuid__": "268eG5oMZBpqj/MQLzy8eE"
            },
            {
              "__uuid__": "e48h5V7U9G+Lmhful3XXEM"
            },
            {
              "__uuid__": "25sqYz8mlC0oD4EQ6DQjjr"
            },
            {
              "__uuid__": "554KlKsjZMa44NMi4ZjiSj"
            },
            {
              "__uuid__": "a5hWr9MP9D5ZP2Qei+LQnR"
            },
            {
              "__uuid__": "5b/It2XrZM+ag6JKUIEDUS"
            }
          ]
        }
      ],
      "_prefab": {
        "__type__": "cc.PrefabInfo",
        "root": {
          "__id__": 1
        },
        "asset": {
          "__uuid__": "3ffW8Ujj9DLKU3CcjH4Dt2"
        },
        "fileId": "de483yOXNNAsZaZAZwA8CR/"
      },
      "_contentSize": {
        "__type__": "cc.Size",
        "width": 1294,
        "height": 100
      },
      "_position": {
        "__type__": "cc.Vec2",
        "x": 667.476011994003,
        "y": 290
      }
    },
    {
      "__type__": "cc.Node",
      "_name": "rankBG",
      "_parent": {
        "__id__": 1
      },
      "_children": [
        {
          "__id__": 3
        }
      ],
      "_components": [
        {
          "__id__": 5
        }
      ],
      "_prefab": {
        "__type__": "cc.PrefabInfo",
        "root": {
          "__id__": 1
        },
        "asset": {
          "__uuid__": "3ffW8Ujj9DLKU3CcjH4Dt2"
        },
        "fileId": "c7c66OkAf9E14qX8d9zV9ha"
      },
      "_contentSize": {
        "__type__": "cc.Size",
        "width": 48,
        "height": 48
      },
      "_position": {
        "__type__": "cc.Vec2",
        "x": -175
      }
    },
    {
      "__type__": "cc.Node",
      "_name": "rankNum",
      "_parent": {
        "__id__": 2
      },
      "_components": [
        {
          "__id__": 4
        }
      ],
      "_prefab": {
        "__type__": "cc.PrefabInfo",
        "root": {
          "__id__": 1
        },
        "asset": {
          "__uuid__": "3ffW8Ujj9DLKU3CcjH4Dt2"
        },
        "fileId": "a7e36xW04BGw7YGmvGSg+0h"
      },
      "_contentSize": {
        "__type__": "cc.Size",
        "width": 16.68,
        "height": 40
      }
    },
    {
      "__type__": "cc.Label",
      "node": {
        "__id__": 3
      },
      "_useOriginalSize": false,
      "_fontSize": 30,
      "_N$string": "1",
      "_N$horizontalAlign": 1,
      "_N$verticalAlign": 1
    },
    {
      "__type__": "cc.Sprite",
      "node": {
        "__id__": 2
      },
      "_spriteFrame": {
        "__uuid__": "42uEUGVbRLmI0us/jP5/v4"
      }
    },
    {
      "__type__": "cc.Node",
      "_name": "divider",
      "_parent": {
        "__id__": 1
      },
      "_components": [
        {
          "__type__": "cc.Sprite",
          "node": {
            "__id__": 6
          },
          "_spriteFrame": {
            "__uuid__": "65+N1EnAxIG5t4whkwegUl"
          }
        },
        {
          "__type__": "cc.Widget",
          "node": {
            "__id__": 6
          },
          "_alignFlags": 4,
          "_bottom": 1
        }
      ],
      "_prefab": {
        "__type__": "cc.PrefabInfo",
        "root": {
          "__id__": 1
        },
        "asset": {
          "__uuid__": "3ffW8Ujj9DLKU3CcjH4Dt2"
        },
        "fileId": "cf1a46kH7lJ9pZscZQzbHfy"
      },
      "_contentSize": {
        "__type__": "cc.Size",
        "width": 20,
        "height": 2
      },
      "_position": {
        "__type__": "cc.Vec2",
        "y": -48
      }
    },
    {
      "__type__": "cc.Node",
      "_name": "playerBorder",
      "_parent": {
        "__id__": 1
      },
      "_children": [
        {
          "__id__": 8
        }
      ],
      "_components": [
        {
          "__type__": "cc.Sprite",
          "node": {
            "__id__": 7
          },
          "_spriteFrame": {
            "__uuid__": "94SxcmxnlIxph8KrtJ+aEe"
          }
        }
      ],
      "_prefab": {
        "__type__": "cc.PrefabInfo",
        "root": {
          "__id__": 1
        },
        "asset": {
          "__uuid__": "3ffW8Ujj9DLKU3CcjH4Dt2"
        },
        "fileId": "504efjh2VtEK67oY22tTnEe"
      },
      "_contentSize": {
        "__type__": "cc.Size",
        "width": 72,
        "height": 72
      },
      "_position": {
        "__type__": "cc.Vec2",
        "x": -82
      }
    },
    {
      "__type__": "cc.Node",
      "_name": "playerPhoto",
      "_parent": {
        "__id__": 7
      },
      "_components": [
        {
          "__id__": 9
        }
      ],
      "_prefab": {
        "__type__": "cc.PrefabInfo",
        "root": {
          "__id__": 1
        },
        "asset": {
          "__uuid__": "3ffW8Ujj9DLKU3CcjH4Dt2"
        },
        "fileId": "ee17aYYAN1EA7+yINbBIsTC"
      },
      "_contentSize": {
        "__type__": "cc.Size",
        "width": 65,
        "height": 65
      }
    },
    {
      "__type__": "cc.Sprite",
      "node": {
        "__id__": 8
      },
      "_spriteFrame": {
        "__uuid__": "554KlKsjZMa44NMi4ZjiSj"
      }
    },
    {
      "__type__": "cc.Node",
      "_name": "playerName",
      "_parent": {
        "__id__": 1
      },
      "_components": [
        {
          "__id__": 11
        },
        {
          "__type__": "cc.Widget",
          "node": {
            "__id__": 10
          },
          "_alignFlags": 40,
          "_left": 200.00443948418842,
          "_right": 19.99556051581162,
          "_originalWidth": 128
        }
      ],
      "_prefab": {
        "__type__": "cc.PrefabInfo",
        "root": {
          "__id__": 1
        },
        "asset": {
          "__uuid__": "3ffW8Ujj9DLKU3CcjH4Dt2"
        },
        "fileId": "da352CDBcpFTa3KmZyqyAQ1"
      },
      "_anchorPoint": {
        "__type__": "cc.Vec2",
        "y": 0.5
      },
      "_contentSize": {
        "__type__": "cc.Size",
        "width": 1074,
        "height": 40
      },
      "_position": {
        "__type__": "cc.Vec2",
        "x": -446.9955605158116,
        "y": 20
      }
    },
    {
      "__type__": "cc.Label",
      "node": {
        "__id__": 10
      },
      "_useOriginalSize": false,
      "_fontSize": 26,
      "_N$string": "疲惫的驴肉火烧",
      "_N$verticalAlign": 1
    },
    {
      "__type__": "cc.Node",
      "_name": "iconGold",
      "_parent": {
        "__id__": 1
      },
      "_children": [
        {
          "__id__": 13
        }
      ],
      "_components": [
        {
          "__type__": "cc.Sprite",
          "node": {
            "__id__": 12
          },
          "_spriteFrame": {
            "__uuid__": "74WfyONyNNlYWUrI7qmfJ+"
          }
        }
      ],
      "_prefab": {
        "__type__": "cc.PrefabInfo",
        "root": {
          "__id__": 1
        },
        "asset": {
          "__uuid__": "3ffW8Ujj9DLKU3CcjH4Dt2"
        },
        "fileId": "ea5fc0KLGhMwKew4NTCakHt"
      },
      "_contentSize": {
        "__type__": "cc.Size",
        "width": 37,
        "height": 38
      },
      "_position": {
        "__type__": "cc.Vec2",
        "x": -10,
        "y": -20
      }
    },
    {
      "__type__": "cc.Node",
      "_name": "goldNum",
      "_parent": {
        "__id__": 12
      },
      "_components": [
        {
          "__id__": 14
        }
      ],
      "_prefab": {
        "__type__": "cc.PrefabInfo",
        "root": {
          "__id__": 1
        },
        "asset": {
          "__uuid__": "3ffW8Ujj9DLKU3CcjH4Dt2"
        },
        "fileId": "f04c77yqcpJ57da1Gdhl8LU"
      },
      "_color": {
        "__type__": "cc.Color",
        "r": 231,
        "g": 186,
        "b": 26
      },
      "_anchorPoint": {
        "__type__": "cc.Vec2",
        "y": 0.5
      },
      "_contentSize": {
        "__type__": "cc.Size",
        "width": 64.8,
        "height": 24
      },
      "_position": {
        "__type__": "cc.Vec2",
        "x": 21,
        "y": 3
      }
    },
    {
      "__type__": "cc.Label",
      "node": {
        "__id__": 13
      },
      "_useOriginalSize": false,
      "_actualFontSize": 30,
      "_fontSize": 30,
      "_N$file": {
        "__uuid__": "a94MmzbIpDgYEj2l88/gs1"
      },
      "_isSystemFontUsed": false,
      "_N$string": "9995",
      "_N$verticalAlign": 1
    }
  ],
  {
    "__type__": "cc.SpriteFrame",
    "content": {
      "name": "rankinglist_bg",
      "texture": "13fRym6QxEC5+iS5//9Wn3",
      "rect": [
        0,
        0,
        48,
        48
      ],
      "offset": [
        0,
        0
      ],
      "originalSize": [
        48,
        48
      ]
    }
  },
  {
    "__type__": "cc.SpriteFrame",
    "content": {
      "name": "user-image5",
      "texture": "99rMcWM99MTIedzDQH8M2M",
      "rect": [
        0,
        0,
        65,
        65
      ],
      "offset": [
        0,
        0
      ],
      "originalSize": [
        65,
        65
      ]
    }
  },
  {
    "__type__": "cc.SpriteFrame",
    "content": {
      "name": "user-image",
      "texture": "80cd+dAptA6JjzjqsI2/bK",
      "rect": [
        0,
        0,
        65,
        65
      ],
      "offset": [
        0,
        0
      ],
      "originalSize": [
        65,
        65
      ]
    }
  },
  {
    "__type__": "cc.SpriteFrame",
    "content": {
      "name": "fengexian",
      "texture": "964+KTTjZCbaCm640CXA1b",
      "rect": [
        0,
        0,
        20,
        2
      ],
      "offset": [
        0,
        0
      ],
      "originalSize": [
        20,
        2
      ]
    }
  },
  {
    "__type__": "cc.SpriteFrame",
    "content": {
      "name": "icon_gold_small",
      "texture": "52ReJcAQxF+4Sj87zpV5Pn",
      "rect": [
        0,
        0,
        37,
        38
      ],
      "offset": [
        0,
        0
      ],
      "originalSize": [
        37,
        38
      ]
    }
  },
  {
    "__type__": "cc.SpriteFrame",
    "content": {
      "name": "trophy_2",
      "texture": "cebS3pcFZLqKGxQLALtvRp",
      "rect": [
        0,
        0,
        69,
        66
      ],
      "offset": [
        0,
        0
      ],
      "originalSize": [
        69,
        66
      ]
    }
  },
  {
    "__type__": "cc.SpriteFrame",
    "content": {
      "name": "trophy_3",
      "texture": "daPlVvG85MMYfciX6i14ji",
      "rect": [
        0,
        0,
        69,
        66
      ],
      "offset": [
        0,
        0
      ],
      "originalSize": [
        69,
        66
      ]
    }
  },
  {
    "__type__": "cc.SpriteFrame",
    "content": {
      "name": "Stroke_photo",
      "texture": "39S6yCVPtHL6J/tRB4Ib+4",
      "rect": [
        0,
        0,
        72,
        72
      ],
      "offset": [
        0,
        0
      ],
      "originalSize": [
        72,
        72
      ]
    }
  },
  {
    "__type__": "cc.SpriteFrame",
    "content": {
      "name": "user-image6",
      "texture": "97u5ycVWhEGa8ETtWilpoC",
      "rect": [
        0,
        0,
        65,
        65
      ],
      "offset": [
        0,
        0
      ],
      "originalSize": [
        65,
        65
      ]
    }
  },
  {
    "__type__": "cc.SpriteFrame",
    "content": {
      "name": "user-image3",
      "texture": "6d4Goj0N5HZqnhoDFBNtYu",
      "rect": [
        0,
        0,
        69,
        68
      ],
      "offset": [
        0,
        0
      ],
      "originalSize": [
        69,
        68
      ]
    }
  },
  {
    "__type__": "cc.SpriteFrame",
    "content": {
      "name": "trophy_1",
      "texture": "acEUOdN1hJ9Ycoge0iwe2W",
      "rect": [
        0,
        0,
        69,
        66
      ],
      "offset": [
        0,
        0
      ],
      "originalSize": [
        69,
        66
      ]
    }
  }
]