[
  {
    "__type__": "cc.Prefab",
    "_name": "playerPrefab",
    "data": {
      "__id__": 1
    },
    "asyncLoadAssets": false
  },
  {
    "__type__": "cc.Node",
    "_name": "playerPrefab",
    "_children": [
      {
        "__id__": 2
      },
      {
        "__id__": 3
      },
      {
        "__id__": 14
      },
      {
        "__id__": 29
      },
      {
        "__id__": 34
      }
    ],
    "_components": [
      {
        "__type__": "1a792KO87NBg7vCCIp1jq+j",
        "node": {
          "__id__": 1
        },
        "playerInfo": {
          "__id__": 3
        },
        "stakeOnTable": {
          "__id__": 14
        },
        "cardInfo": {
          "__id__": 29
        },
        "cardPrefab": {
          "__uuid__": "1be1ace3-b9b3-4bf4-9c45-5c1d9eccac08"
        },
        "anchorCards": {
          "__id__": 2
        },
        "spPlayerName": {
          "__id__": 9
        },
        "labelPlayerName": {
          "__id__": 6
        },
        "labelTotalStake": {
          "__id__": 8
        },
        "spPlayerPhoto": {
          "__id__": 11
        },
        "spCountdown": {
          "__id__": 13
        },
        "labelStakeOnTable": {
          "__id__": 17
        },
        "spChips": [
          {
            "__id__": 20
          },
          {
            "__id__": 22
          },
          {
            "__id__": 24
          },
          {
            "__id__": 26
          },
          {
            "__id__": 28
          }
        ],
        "labelCardInfo": {
          "__id__": 32
        },
        "spCardInfo": {
          "__id__": 33
        },
        "animFX": {
          "__id__": 34
        },
        "cardSpace": 30
      },
      {
        "__type__": "226a2AvzRpHL7SJGTMy5PDX",
        "node": {
          "__id__": 1
        },
        "renderer": {
          "__id__": 1
        }
      }
    ],
    "_prefab": {
      "__type__": "cc.PrefabInfo",
      "root": {
        "__id__": 1
      },
      "fileId": "c3d35QICQ9OzaaybvkReu95"
    },
    "_position": {
      "__type__": "cc.Vec2",
      "x": 776,
      "y": 894
    }
  },
  {
    "__type__": "cc.Node",
    "_name": "anchorCards",
    "_parent": {
      "__id__": 1
    },
    "_prefab": {
      "__type__": "cc.PrefabInfo",
      "root": {
        "__id__": 1
      },
      "fileId": "5a9b9Y/BVtEga98djkfx3AY"
    }
  },
  {
    "__type__": "cc.Node",
    "_name": "playerInfo",
    "_parent": {
      "__id__": 1
    },
    "_children": [
      {
        "__id__": 4
      },
      {
        "__id__": 10
      },
      {
        "__id__": 12
      }
    ],
    "_prefab": {
      "__type__": "cc.PrefabInfo",
      "root": {
        "__id__": 1
      },
      "fileId": "0c62e8vP2dL+aYAKXvUqTxm"
    },
    "_position": {
      "__type__": "cc.Vec2",
      "x": 133,
      "y": -9
    }
  },
  {
    "__type__": "cc.Node",
    "_name": "namePlate",
    "_parent": {
      "__id__": 3
    },
    "_children": [
      {
        "__id__": 5
      },
      {
        "__id__": 7
      }
    ],
    "_components": [
      {
        "__id__": 9
      },
      {
        "__type__": "3aae7lZKyhPqqsLD3wMKl6X",
        "node": {
          "__id__": 4
        },
        "retainSideNodes": [
          {
            "__id__": 5
          },
          {
            "__id__": 7
          }
        ]
      }
    ],
    "_prefab": {
      "__type__": "cc.PrefabInfo",
      "root": {
        "__id__": 1
      },
      "fileId": "77055EDq3JKtLg7lRunCqTJ"
    },
    "_anchorPoint": {
      "__type__": "cc.Vec2",
      "x": 1.35,
      "y": 0.5
    },
    "_contentSize": {
      "__type__": "cc.Size",
      "width": 141,
      "height": 78
    }
  },
  {
    "__type__": "cc.Node",
    "_name": "playerName",
    "_parent": {
      "__id__": 4
    },
    "_components": [
      {
        "__id__": 6
      }
    ],
    "_prefab": {
      "__type__": "cc.PrefabInfo",
      "root": {
        "__id__": 1
      },
      "fileId": "e76f06EwdtNyYjxCuZ+8rrL"
    },
    "_contentSize": {
      "__type__": "cc.Size",
      "width": 113,
      "height": 32
    },
    "_position": {
      "__type__": "cc.Vec2",
      "x": -122,
      "y": 19
    }
  },
  {
    "__type__": "cc.Label",
    "node": {
      "__id__": 5
    },
    "_useOriginalSize": false,
    "_fontSize": 20,
    "_lineHeight": 20,
    "_N$string": "名字五个字",
    "_N$horizontalAlign": 1,
    "_N$verticalAlign": 1,
    "_N$overflow": 2
  },
  {
    "__type__": "cc.Node",
    "_name": "stakeNum",
    "_parent": {
      "__id__": 4
    },
    "_components": [
      {
        "__id__": 8
      }
    ],
    "_prefab": {
      "__type__": "cc.PrefabInfo",
      "root": {
        "__id__": 1
      },
      "fileId": "c9dd3WlO5BCso/Vr2/DPmQI"
    },
    "_contentSize": {
      "__type__": "cc.Size",
      "width": 113,
      "height": 32
    },
    "_position": {
      "__type__": "cc.Vec2",
      "x": -122,
      "y": -9
    }
  },
  {
    "__type__": "cc.Label",
    "node": {
      "__id__": 7
    },
    "_useOriginalSize": false,
    "_actualFontSize": 25,
    "_fontSize": 25,
    "_lineHeight": 25,
    "_N$file": {
      "__uuid__": "f60efab7-baa5-4ec2-ab29-c82c3ab029f4"
    },
    "_isSystemFontUsed": false,
    "_N$string": "$2000",
    "_N$horizontalAlign": 1,
    "_N$verticalAlign": 1,
    "_N$overflow": 1
  },
  {
    "__type__": "cc.Sprite",
    "node": {
      "__id__": 4
    },
    "_spriteFrame": {
      "__uuid__": "ceb1752c-96cf-4a3a-92e8-c7213b1394fd"
    }
  },
  {
    "__type__": "cc.Node",
    "_name": "playerPhoto",
    "_parent": {
      "__id__": 3
    },
    "_components": [
      {
        "__id__": 11
      }
    ],
    "_prefab": {
      "__type__": "cc.PrefabInfo",
      "root": {
        "__id__": 1
      },
      "fileId": "4fe6bIRzglLSKlnGM6Zf1Yy"
    },
    "_contentSize": {
      "__type__": "cc.Size",
      "width": 130,
      "height": 130
    }
  },
  {
    "__type__": "cc.Sprite",
    "node": {
      "__id__": 10
    },
    "_spriteFrame": {
      "__uuid__": "323fec25-3825-4be0-9ee7-2888ccf4f6ae"
    }
  },
  {
    "__type__": "cc.Node",
    "_name": "countdown",
    "_parent": {
      "__id__": 3
    },
    "_active": false,
    "_components": [
      {
        "__id__": 13
      }
    ],
    "_prefab": {
      "__type__": "cc.PrefabInfo",
      "root": {
        "__id__": 1
      },
      "fileId": "09e8ap3fZtMA6mZ1IWHOfd5"
    },
    "_contentSize": {
      "__type__": "cc.Size",
      "width": 140,
      "height": 140
    }
  },
  {
    "__type__": "cc.Sprite",
    "node": {
      "__id__": 12
    },
    "_spriteFrame": {
      "__uuid__": "72799fdc-2e41-4289-a0e0-2e13242ca6f7"
    }
  },
  {
    "__type__": "cc.Node",
    "_name": "stakeOnTable",
    "_parent": {
      "__id__": 1
    },
    "_children": [
      {
        "__id__": 15
      },
      {
        "__id__": 18
      }
    ],
    "_prefab": {
      "__type__": "cc.PrefabInfo",
      "root": {
        "__id__": 1
      },
      "fileId": "c5defMWQE9Ib6r+4PKuWg27"
    },
    "_position": {
      "__type__": "cc.Vec2",
      "y": 79
    }
  },
  {
    "__type__": "cc.Node",
    "_name": "bg",
    "_parent": {
      "__id__": 14
    },
    "_children": [
      {
        "__id__": 16
      }
    ],
    "_components": [
      {
        "__type__": "cc.Sprite",
        "node": {
          "__id__": 15
        },
        "_spriteFrame": {
          "__uuid__": "db285bfe-a5fd-495c-b8ef-58e38c6133d9"
        },
        "_type": 1
      }
    ],
    "_prefab": {
      "__type__": "cc.PrefabInfo",
      "root": {
        "__id__": 1
      },
      "fileId": "16a0addAFFL9Y6TXQSveIiR"
    },
    "_contentSize": {
      "__type__": "cc.Size",
      "width": 91,
      "height": 30
    },
    "_position": {
      "__type__": "cc.Vec2",
      "x": 9,
      "y": 2.2
    }
  },
  {
    "__type__": "cc.Node",
    "_name": "stakeNum",
    "_parent": {
      "__id__": 15
    },
    "_components": [
      {
        "__id__": 17
      }
    ],
    "_prefab": {
      "__type__": "cc.PrefabInfo",
      "root": {
        "__id__": 1
      },
      "fileId": "df42aO5iyFDfrwXPJEIj3fy"
    },
    "_contentSize": {
      "__type__": "cc.Size",
      "width": 75.4,
      "height": 25
    },
    "_position": {
      "__type__": "cc.Vec2",
      "x": 2.7
    }
  },
  {
    "__type__": "cc.Label",
    "node": {
      "__id__": 16
    },
    "_useOriginalSize": false,
    "_fontSize": 25,
    "_lineHeight": 25,
    "_N$string": "0",
    "_N$horizontalAlign": 1,
    "_N$verticalAlign": 1,
    "_N$overflow": 1
  },
  {
    "__type__": "cc.Node",
    "_name": "chips",
    "_parent": {
      "__id__": 14
    },
    "_children": [
      {
        "__id__": 19
      },
      {
        "__id__": 21
      },
      {
        "__id__": 23
      },
      {
        "__id__": 25
      },
      {
        "__id__": 27
      }
    ],
    "_prefab": {
      "__type__": "cc.PrefabInfo",
      "root": {
        "__id__": 1
      },
      "fileId": "2aa16cwYe1IKbJHYUrqDSiH"
    },
    "_position": {
      "__type__": "cc.Vec2",
      "x": -42,
      "y": 2.2
    }
  },
  {
    "__type__": "cc.Node",
    "_name": "chip0",
    "_parent": {
      "__id__": 18
    },
    "_components": [
      {
        "__id__": 20
      }
    ],
    "_prefab": {
      "__type__": "cc.PrefabInfo",
      "root": {
        "__id__": 1
      },
      "fileId": "ab371bh0lVI/olyHGOaOvSD"
    },
    "_contentSize": {
      "__type__": "cc.Size",
      "width": 37,
      "height": 38
    }
  },
  {
    "__type__": "cc.Sprite",
    "node": {
      "__id__": 19
    },
    "_spriteFrame": {
      "__uuid__": "7459fc8e-3723-4d95-8594-ac8eea99f27e"
    }
  },
  {
    "__type__": "cc.Node",
    "_name": "chip1",
    "_parent": {
      "__id__": 18
    },
    "_components": [
      {
        "__id__": 22
      }
    ],
    "_prefab": {
      "__type__": "cc.PrefabInfo",
      "root": {
        "__id__": 1
      },
      "fileId": "c6e91yGRGNFbIN6a+/6Qcc/"
    },
    "_contentSize": {
      "__type__": "cc.Size",
      "width": 37,
      "height": 38
    },
    "_position": {
      "__type__": "cc.Vec2",
      "y": 5
    }
  },
  {
    "__type__": "cc.Sprite",
    "node": {
      "__id__": 21
    },
    "_spriteFrame": {
      "__uuid__": "7459fc8e-3723-4d95-8594-ac8eea99f27e"
    }
  },
  {
    "__type__": "cc.Node",
    "_name": "chip2",
    "_parent": {
      "__id__": 18
    },
    "_components": [
      {
        "__id__": 24
      }
    ],
    "_prefab": {
      "__type__": "cc.PrefabInfo",
      "root": {
        "__id__": 1
      },
      "fileId": "caf46ATESxMpI8t/JwDBJ6J"
    },
    "_contentSize": {
      "__type__": "cc.Size",
      "width": 37,
      "height": 38
    },
    "_position": {
      "__type__": "cc.Vec2",
      "y": 10
    }
  },
  {
    "__type__": "cc.Sprite",
    "node": {
      "__id__": 23
    },
    "_spriteFrame": {
      "__uuid__": "7459fc8e-3723-4d95-8594-ac8eea99f27e"
    }
  },
  {
    "__type__": "cc.Node",
    "_name": "chip3",
    "_parent": {
      "__id__": 18
    },
    "_components": [
      {
        "__id__": 26
      }
    ],
    "_prefab": {
      "__type__": "cc.PrefabInfo",
      "root": {
        "__id__": 1
      },
      "fileId": "a66e1SBWcREFKvWW6Ulxbr0"
    },
    "_contentSize": {
      "__type__": "cc.Size",
      "width": 37,
      "height": 38
    },
    "_position": {
      "__type__": "cc.Vec2",
      "y": 15
    }
  },
  {
    "__type__": "cc.Sprite",
    "node": {
      "__id__": 25
    },
    "_spriteFrame": {
      "__uuid__": "7459fc8e-3723-4d95-8594-ac8eea99f27e"
    }
  },
  {
    "__type__": "cc.Node",
    "_name": "chip4",
    "_parent": {
      "__id__": 18
    },
    "_components": [
      {
        "__id__": 28
      }
    ],
    "_prefab": {
      "__type__": "cc.PrefabInfo",
      "root": {
        "__id__": 1
      },
      "fileId": "69256kxR9dCNLlRlMLR2QUi"
    },
    "_contentSize": {
      "__type__": "cc.Size",
      "width": 37,
      "height": 38
    },
    "_position": {
      "__type__": "cc.Vec2",
      "y": 20
    }
  },
  {
    "__type__": "cc.Sprite",
    "node": {
      "__id__": 27
    },
    "_spriteFrame": {
      "__uuid__": "7459fc8e-3723-4d95-8594-ac8eea99f27e"
    }
  },
  {
    "__type__": "cc.Node",
    "_name": "cardInfo",
    "_parent": {
      "__id__": 1
    },
    "_children": [
      {
        "__id__": 30
      }
    ],
    "_prefab": {
      "__type__": "cc.PrefabInfo",
      "root": {
        "__id__": 1
      },
      "fileId": "6c7daYXJTlDsq2Gy4xxx1Yy"
    },
    "_position": {
      "__type__": "cc.Vec2",
      "x": -58
    }
  },
  {
    "__type__": "cc.Node",
    "_name": "infoBG",
    "_parent": {
      "__id__": 29
    },
    "_children": [
      {
        "__id__": 31
      }
    ],
    "_components": [
      {
        "__id__": 33
      },
      {
        "__type__": "3aae7lZKyhPqqsLD3wMKl6X",
        "node": {
          "__id__": 30
        },
        "retainSideNodes": [
          {
            "__id__": 31
          }
        ]
      }
    ],
    "_prefab": {
      "__type__": "cc.PrefabInfo",
      "root": {
        "__id__": 1
      },
      "fileId": "8a14a4xeYdA9resao/63kLf"
    },
    "_anchorPoint": {
      "__type__": "cc.Vec2",
      "x": 1,
      "y": 0.5
    },
    "_contentSize": {
      "__type__": "cc.Size",
      "width": 82,
      "height": 37
    },
    "_scaleX": -1
  },
  {
    "__type__": "cc.Node",
    "_name": "text",
    "_parent": {
      "__id__": 30
    },
    "_components": [
      {
        "__id__": 32
      },
      {
        "__type__": "cc.Widget",
        "node": {
          "__id__": 31
        },
        "_alignFlags": 45,
        "_originalWidth": 128,
        "_originalHeight": 50
      }
    ],
    "_prefab": {
      "__type__": "cc.PrefabInfo",
      "root": {
        "__id__": 1
      },
      "fileId": "af75dAhjzJMpIpv9aCfR5xU"
    },
    "_contentSize": {
      "__type__": "cc.Size",
      "width": 82,
      "height": 37
    },
    "_scaleX": -1,
    "_position": {
      "__type__": "cc.Vec2",
      "x": -41
    }
  },
  {
    "__type__": "cc.Label",
    "node": {
      "__id__": 31
    },
    "_useOriginalSize": false,
    "_fontSize": 20,
    "_lineHeight": 20,
    "_N$string": "爆牌",
    "_N$horizontalAlign": 1,
    "_N$verticalAlign": 1,
    "_N$overflow": 1
  },
  {
    "__type__": "cc.Sprite",
    "node": {
      "__id__": 30
    },
    "_spriteFrame": {
      "__uuid__": "62c007e7-076e-4e44-a57d-33bd7e7cd350"
    }
  },
  {
    "__type__": "cc.Node",
    "_name": "FXPlayer",
    "_parent": {
      "__id__": 1
    },
    "_components": [
      {
        "__type__": "cc.Sprite",
        "node": {
          "__id__": 34
        },
        "_spriteFrame": {
          "__uuid__": "810d3dcc-8b4b-4272-a133-2c91a6e76488"
        }
      },
      {
        "__type__": "cc.Animation",
        "node": {
          "__id__": 34
        },
        "_clips": [
          {
            "__uuid__": "b5e16d2d-db8b-4264-a50c-7b98121a9f42"
          },
          {
            "__uuid__": "e1facc40-00d0-4fac-85dd-051fe220a8e1"
          }
        ]
      },
      {
        "__type__": "68da2yjdGVMSYhXLN9DukIB",
        "node": {
          "__id__": 34
        }
      }
    ],
    "_prefab": {
      "__type__": "cc.PrefabInfo",
      "root": {
        "__id__": 1
      },
      "fileId": "da0e5Av0d9HS5llxjiCBeSd"
    },
    "_contentSize": {
      "__type__": "cc.Size",
      "width": 250,
      "height": 79
    }
  }
]