[
  {
    "__type__": "cc.SpriteFrame",
    "content": {
      "name": "BLACK JACK_6",
      "texture": "9clY/kx1FEj4TPuZrFVvU4",
      "rect": [
        23,
        37,
        204,
        178
      ],
      "offset": [
        0,
        -1
      ],
      "originalSize": [
        250,
        250
      ]
    }
  },
  {
    "__type__": "cc.SpriteFrame",
    "content": {
      "name": "BLACK JACK_12",
      "texture": "09zs82pPJLKL05jhMlbRFG",
      "rect": [
        23,
        29,
        204,
        192
      ],
      "offset": [
        0,
        0
      ],
      "originalSize": [
        250,
        250
      ]
    }
  },
  {
    "__type__": "cc.SpriteFrame",
    "content": {
      "name": "BLACK JACK_9",
      "texture": "9429ehpoBNZLOfHLg9k47f",
      "rect": [
        23,
        34,
        204,
        184
      ],
      "offset": [
        0,
        -1
      ],
      "originalSize": [
        250,
        250
      ]
    }
  },
  {
    "__type__": "cc.SpriteFrame",
    "content": {
      "name": "BLACK JACK_10",
      "texture": "60gbpQN05Ay4pN1YS5mWyJ",
      "rect": [
        23,
        33,
        204,
        186
      ],
      "offset": [
        0,
        -1
      ],
      "originalSize": [
        250,
        250
      ]
    }
  },
  {
    "__type__": "cc.SpriteFrame",
    "content": {
      "name": "BLACK JACK_3",
      "texture": "baWuvU4l9DwKCm3Y32p8mX",
      "rect": [
        21,
        52,
        207,
        151
      ],
      "offset": [
        -0.5,
        -2.5
      ],
      "originalSize": [
        250,
        250
      ]
    }
  },
  {
    "__type__": "cc.SpriteFrame",
    "content": {
      "name": "BLACK JACK_17",
      "texture": "b8JoscxeZEYKSMUmZxcdJ9",
      "rect": [
        23,
        26,
        204,
        200
      ],
      "offset": [
        0,
        -1
      ],
      "originalSize": [
        250,
        250
      ]
    }
  },
  {
    "__type__": "cc.SpriteFrame",
    "content": {
      "name": "BLACK JACK_2",
      "texture": "b0K9R0M0pGU5A32EDr88YD",
      "rect": [
        8,
        78,
        233,
        101
      ],
      "offset": [
        -0.5,
        -3.5
      ],
      "originalSize": [
        250,
        250
      ]
    }
  },
  {
    "__type__": "cc.SpriteFrame",
    "content": {
      "name": "BLACK JACK_4",
      "texture": "08omVVB1RIeYbCrhYcPhl0",
      "rect": [
        23,
        40,
        204,
        173
      ],
      "offset": [
        0,
        -1.5
      ],
      "originalSize": [
        250,
        250
      ]
    }
  },
  {
    "__type__": "cc.SpriteFrame",
    "content": {
      "name": "BLACK JACK_11",
      "texture": "9eSPO4hf9IEIPG8nreq3IE",
      "rect": [
        23,
        32,
        204,
        188
      ],
      "offset": [
        0,
        -1
      ],
      "originalSize": [
        250,
        250
      ]
    }
  },
  {
    "__type__": "cc.SpriteFrame",
    "content": {
      "name": "BLACK JACK_13",
      "texture": "e3GD40RlJDpIAsaScpiUbS",
      "rect": [
        23,
        29,
        204,
        193
      ],
      "offset": [
        0,
        -0.5
      ],
      "originalSize": [
        250,
        250
      ]
    }
  },
  {
    "__type__": "cc.SpriteFrame",
    "content": {
      "name": "BLACK JACK_7",
      "texture": "3fDqoV5ppNCJ/wjEBXXoIG",
      "rect": [
        23,
        36,
        204,
        180
      ],
      "offset": [
        0,
        -1
      ],
      "originalSize": [
        250,
        250
      ]
    }
  },
  {
    "__type__": "cc.SpriteFrame",
    "content": {
      "name": "BLACK JACK_1",
      "texture": "2e3MQS+i5Os75gLQBuqLyS",
      "rect": [
        0,
        76,
        250,
        79
      ],
      "offset": [
        0,
        9.5
      ],
      "originalSize": [
        250,
        250
      ]
    }
  },
  {
    "__type__": "cc.SpriteFrame",
    "content": {
      "name": "BLACK JACK_18",
      "texture": "afZmKYxc1JaLlvar/0VltY",
      "rect": [
        23,
        25,
        204,
        201
      ],
      "offset": [
        0,
        -0.5
      ],
      "originalSize": [
        250,
        250
      ]
    }
  },
  {
    "__type__": "cc.SpriteFrame",
    "content": {
      "name": "BLACK JACK_21",
      "texture": "d38yiSrL1G8ZYViSoFcTb/",
      "rect": [
        20,
        22,
        208,
        207
      ],
      "offset": [
        -1,
        -0.5
      ],
      "originalSize": [
        250,
        250
      ]
    }
  },
  {
    "__type__": "cc.SpriteFrame",
    "content": {
      "name": "BLACK JACK_14",
      "texture": "9btK/GJIFITKWdOeKGwYff",
      "rect": [
        23,
        29,
        204,
        194
      ],
      "offset": [
        0,
        -1
      ],
      "originalSize": [
        250,
        250
      ]
    }
  },
  {
    "__type__": "cc.AnimationClip",
    "_name": "blackjack",
    "_duration": 0.85,
    "sample": 40,
    "curveData": {
      "comps": {
        "cc.Sprite": {
          "spriteFrame": [
            {
              "frame": 0,
              "value": {
                "__uuid__": "81DT3Mi0tCcqEzLJGm52SI"
              }
            },
            {
              "frame": 0.025,
              "value": {
                "__uuid__": "4bIxuwWO5AS4BWU9FzzFC4"
              }
            },
            {
              "frame": 0.05,
              "value": {
                "__uuid__": "4bIxuwWO5AS4BWU9FzzFC4"
              }
            },
            {
              "frame": 0.075,
              "value": {
                "__uuid__": "3ey5CMnEpPAqLMPiqIOHcb"
              }
            },
            {
              "frame": 0.1,
              "value": {
                "__uuid__": "3ey5CMnEpPAqLMPiqIOHcb"
              }
            },
            {
              "frame": 0.125,
              "value": {
                "__uuid__": "4b1nNVel5DVKzYTNUX7vmF"
              }
            },
            {
              "frame": 0.15,
              "value": {
                "__uuid__": "4b1nNVel5DVKzYTNUX7vmF"
              }
            },
            {
              "frame": 0.175,
              "value": {
                "__uuid__": "e7VinP0pRKU6dbanPypoOq"
              }
            },
            {
              "frame": 0.2,
              "value": {
                "__uuid__": "e7VinP0pRKU6dbanPypoOq"
              }
            },
            {
              "frame": 0.225,
              "value": {
                "__uuid__": "11rsNvSzJJWbQyndZzQvQ9"
              }
            },
            {
              "frame": 0.25,
              "value": {
                "__uuid__": "11rsNvSzJJWbQyndZzQvQ9"
              }
            },
            {
              "frame": 0.275,
              "value": {
                "__uuid__": "7fONO6rLhAHKqeJgmmARFa"
              }
            },
            {
              "frame": 0.3,
              "value": {
                "__uuid__": "7fONO6rLhAHKqeJgmmARFa"
              }
            },
            {
              "frame": 0.325,
              "value": {
                "__uuid__": "dflz0x5stCDYFXiDduskYQ"
              }
            },
            {
              "frame": 0.35,
              "value": {
                "__uuid__": "dflz0x5stCDYFXiDduskYQ"
              }
            },
            {
              "frame": 0.375,
              "value": {
                "__uuid__": "27ybkY9JlMTYzW1QdEFuCw"
              }
            },
            {
              "frame": 0.4,
              "value": {
                "__uuid__": "2ffaZHzxVAUIWotqra+lk0"
              }
            },
            {
              "frame": 0.425,
              "value": {
                "__uuid__": "68sWBOfFhOG69udCfxIXGz"
              }
            },
            {
              "frame": 0.45,
              "value": {
                "__uuid__": "1alvCDjjZOY6qUEFbA0il2"
              }
            },
            {
              "frame": 0.475,
              "value": {
                "__uuid__": "7aJjdBeZFHTJXQ893slHfl"
              }
            },
            {
              "frame": 0.5,
              "value": {
                "__uuid__": "7aJjdBeZFHTJXQ893slHfl"
              }
            },
            {
              "frame": 0.525,
              "value": {
                "__uuid__": "a7LCYVl7pMpp+RuXT4XjXr"
              }
            },
            {
              "frame": 0.55,
              "value": {
                "__uuid__": "a7LCYVl7pMpp+RuXT4XjXr"
              }
            },
            {
              "frame": 0.575,
              "value": {
                "__uuid__": "dbgxcLVWBAU76dreHFlDhd"
              }
            },
            {
              "frame": 0.6,
              "value": {
                "__uuid__": "dbgxcLVWBAU76dreHFlDhd"
              }
            },
            {
              "frame": 0.625,
              "value": {
                "__uuid__": "d3TKmc6ItNyr4NT/aat7in"
              }
            },
            {
              "frame": 0.65,
              "value": {
                "__uuid__": "d3TKmc6ItNyr4NT/aat7in"
              }
            },
            {
              "frame": 0.675,
              "value": {
                "__uuid__": "43tP0kUsVJRpF0SwGItJkj"
              }
            },
            {
              "frame": 0.7,
              "value": {
                "__uuid__": "43tP0kUsVJRpF0SwGItJkj"
              }
            },
            {
              "frame": 0.725,
              "value": {
                "__uuid__": "90xsEY/OZAnp7tL+3avb/v"
              }
            },
            {
              "frame": 0.75,
              "value": {
                "__uuid__": "90xsEY/OZAnp7tL+3avb/v"
              }
            },
            {
              "frame": 0.775,
              "value": {
                "__uuid__": "bbB8bVyedIMI0lYBXVU7l8"
              }
            },
            {
              "frame": 0.8,
              "value": {
                "__uuid__": "b7CQuXrfBFLK8MFKtLEe0G"
              }
            },
            {
              "frame": 0.825,
              "value": {
                "__uuid__": "a0xSYV725KkIJfvdrmiuPS"
              }
            },
            {
              "frame": 0.85,
              "value": {
                "__uuid__": "f3kzKqhJBIA5nZgxVGoToR"
              }
            }
          ]
        }
      },
      "props": {}
    },
    "events": [
      {
        "frame": 0.85,
        "func": "hideFX",
        "params": []
      }
    ]
  },
  {
    "__type__": "cc.SpriteFrame",
    "content": {
      "name": "BLACK JACK_20",
      "texture": "31r/F2P6ZCJaoCVZiCFeC8",
      "rect": [
        21,
        23,
        206,
        205
      ],
      "offset": [
        -1,
        -0.5
      ],
      "originalSize": [
        250,
        250
      ]
    }
  },
  {
    "__type__": "cc.SpriteFrame",
    "content": {
      "name": "BLACK JACK_19",
      "texture": "1aKcMNt6xJVL7eh/zbaCSD",
      "rect": [
        22,
        23,
        205,
        204
      ],
      "offset": [
        -0.5,
        0
      ],
      "originalSize": [
        250,
        250
      ]
    }
  },
  {
    "__type__": "cc.SpriteFrame",
    "content": {
      "name": "BLACK JACK_16",
      "texture": "a3V57fTwdHWJegx2NO7NRh",
      "rect": [
        23,
        26,
        204,
        199
      ],
      "offset": [
        0,
        -0.5
      ],
      "originalSize": [
        250,
        250
      ]
    }
  },
  {
    "__type__": "cc.SpriteFrame",
    "content": {
      "name": "BLACK JACK_15",
      "texture": "0fa+uIhqZDUJrpVZLZs8I0",
      "rect": [
        23,
        27,
        204,
        197
      ],
      "offset": [
        0,
        -0.5
      ],
      "originalSize": [
        250,
        250
      ]
    }
  },
  {
    "__type__": "cc.SpriteFrame",
    "content": {
      "name": "BLACK JACK_8",
      "texture": "47KZ5pVxNOl7j10t2gbfbl",
      "rect": [
        23,
        35,
        204,
        182
      ],
      "offset": [
        0,
        -1
      ],
      "originalSize": [
        250,
        250
      ]
    }
  },
  {
    "__type__": "cc.SpriteFrame",
    "content": {
      "name": "BLACK JACK_5",
      "texture": "13p/u+1FlK0bN2VpWXXavo",
      "rect": [
        23,
        38,
        204,
        176
      ],
      "offset": [
        0,
        -1
      ],
      "originalSize": [
        250,
        250
      ]
    }
  },
  {
    "__type__": "cc.SpriteFrame",
    "content": {
      "name": "BLACK JACK_22",
      "texture": "f2Nud4A+lIY7lh067Scwfs",
      "rect": [
        22,
        25,
        205,
        200
      ],
      "offset": [
        -0.5,
        0
      ],
      "originalSize": [
        250,
        250
      ]
    }
  }
]