[
  {
    "__type__": "cc.SceneAsset",
    "_name": "menu",
    "scene": {
      "__id__": 1
    },
    "asyncLoadAssets": false
  },
  {
    "__type__": "cc.Scene",
    "_children": [
      {
        "__id__": 2
      },
      {
        "__id__": 28
      }
    ],
    "_anchorPoint": {
      "__type__": "cc.Vec2"
    },
    "autoReleaseAssets": false
  },
  {
    "__type__": "cc.Node",
    "_name": "Canvas",
    "_parent": {
      "__id__": 1
    },
    "_children": [
      {
        "__id__": 3
      },
      {
        "__id__": 4
      },
      {
        "__id__": 6
      },
      {
        "__id__": 8
      },
      {
        "__id__": 26
      },
      {
        "__id__": 43
      }
    ],
    "_components": [
      {
        "__type__": "cc.Canvas",
        "_objFlags": 0,
        "node": {
          "__id__": 2
        },
        "_designResolution": {
          "__type__": "cc.Size",
          "width": 1334,
          "height": 750
        }
      },
      {
        "__type__": "e390cpl5vpL54CRkH0xI8Ul",
        "node": {
          "__id__": 2
        },
        "updatePanel": {
          "__id__": 43
        },
        "manifestUrl": {
          "__uuid__": "4128b78b-00ae-4d8a-ae35-4e5ca5c5cde9"
        },
        "percent": {
          "__id__": 50
        }
      }
    ],
    "_id": "aa2f6rtn5pHHZr289ji53Oy",
    "_contentSize": {
      "__type__": "cc.Size",
      "width": 1334,
      "height": 750
    },
    "_position": {
      "__type__": "cc.Vec2",
      "x": 667,
      "y": 375
    }
  },
  {
    "__type__": "cc.Node",
    "_name": "bg",
    "_parent": {
      "__id__": 2
    },
    "_components": [
      {
        "__type__": "cc.Sprite",
        "node": {
          "__id__": 3
        },
        "_spriteFrame": {
          "__uuid__": "a2da79be-fe22-420a-83b5-e37878367b06"
        }
      },
      {
        "__type__": "cc.Widget",
        "node": {
          "__id__": 3
        },
        "_alignFlags": 45,
        "_originalWidth": 1334,
        "_originalHeight": 750
      }
    ],
    "_contentSize": {
      "__type__": "cc.Size",
      "width": 1334,
      "height": 750
    }
  },
  {
    "__type__": "cc.Node",
    "_name": "btnBack",
    "_parent": {
      "__id__": 2
    },
    "_children": [
      {
        "__id__": 5
      }
    ],
    "_components": [
      {
        "__type__": "cc.Widget",
        "node": {
          "__id__": 4
        },
        "_alignFlags": 9,
        "_left": 30
      },
      {
        "__type__": "cc.Sprite",
        "node": {
          "__id__": 4
        },
        "_spriteFrame": {
          "__uuid__": "ef0e92d8-6db3-4e01-a1f0-5988bf72b4ec"
        },
        "_type": 1
      },
      {
        "__type__": "cc.Button",
        "node": {
          "__id__": 4
        },
        "transition": 1,
        "pressedColor": {
          "__type__": "cc.Color",
          "r": 255,
          "g": 255,
          "b": 255
        },
        "pressedSprite": {
          "__uuid__": "e9ec654c-97a2-4787-9325-e6a10375219a"
        },
        "hoverSprite": {
          "__uuid__": "e9ec654c-97a2-4787-9325-e6a10375219a"
        },
        "_N$normalColor": {
          "__type__": "cc.Color",
          "r": 255,
          "g": 255,
          "b": 255
        },
        "_N$disabledColor": {
          "__type__": "cc.Color",
          "r": 187,
          "g": 180,
          "b": 180
        },
        "_N$normalSprite": {
          "__uuid__": "f0048c10-f03e-4c97-b9d3-3506e1d58952"
        },
        "_N$disabledSprite": {
          "__uuid__": "29158224-f8dd-4661-a796-1ffab537140e"
        },
        "_N$target": {
          "__id__": 4
        }
      },
      {
        "__type__": "a171dSnCXFMRIqs1IWdvgWM",
        "node": {
          "__id__": 4
        },
        "pressedScale": 0.8,
        "transDuration": 0.1
      }
    ],
    "_anchorPoint": {
      "__type__": "cc.Vec2",
      "x": 0.5,
      "y": 1
    },
    "_contentSize": {
      "__type__": "cc.Size",
      "width": 84,
      "height": 64
    },
    "_position": {
      "__type__": "cc.Vec2",
      "x": -595,
      "y": 375
    }
  },
  {
    "__type__": "cc.Node",
    "_name": "icon_back",
    "_parent": {
      "__id__": 4
    },
    "_components": [
      {
        "__type__": "cc.Sprite",
        "node": {
          "__id__": 5
        },
        "_spriteFrame": {
          "__uuid__": "41dc20a6-d60a-4f55-854e-860d2ad6348b"
        }
      }
    ],
    "_contentSize": {
      "__type__": "cc.Size",
      "width": 33,
      "height": 48
    },
    "_position": {
      "__type__": "cc.Vec2",
      "y": -25
    }
  },
  {
    "__type__": "cc.Node",
    "_name": "btnMsg",
    "_parent": {
      "__id__": 2
    },
    "_children": [
      {
        "__id__": 7
      }
    ],
    "_components": [
      {
        "__type__": "cc.Widget",
        "node": {
          "__id__": 6
        },
        "_alignFlags": 33,
        "_left": 30,
        "_right": 30,
        "_originalWidth": 84
      },
      {
        "__type__": "cc.Sprite",
        "node": {
          "__id__": 6
        },
        "_spriteFrame": {
          "__uuid__": "ef0e92d8-6db3-4e01-a1f0-5988bf72b4ec"
        },
        "_type": 1
      },
      {
        "__type__": "cc.Button",
        "node": {
          "__id__": 6
        },
        "transition": 1,
        "pressedColor": {
          "__type__": "cc.Color",
          "r": 255,
          "g": 255,
          "b": 255
        },
        "pressedSprite": {
          "__uuid__": "e9ec654c-97a2-4787-9325-e6a10375219a"
        },
        "hoverSprite": {
          "__uuid__": "e9ec654c-97a2-4787-9325-e6a10375219a"
        },
        "_N$normalColor": {
          "__type__": "cc.Color",
          "r": 255,
          "g": 255,
          "b": 255
        },
        "_N$disabledColor": {
          "__type__": "cc.Color",
          "r": 187,
          "g": 180,
          "b": 180
        },
        "_N$normalSprite": {
          "__uuid__": "f0048c10-f03e-4c97-b9d3-3506e1d58952"
        },
        "_N$disabledSprite": {
          "__uuid__": "29158224-f8dd-4661-a796-1ffab537140e"
        },
        "_N$target": {
          "__id__": 6
        }
      },
      {
        "__type__": "a171dSnCXFMRIqs1IWdvgWM",
        "node": {
          "__id__": 6
        },
        "pressedScale": 0.8,
        "transDuration": 0.1
      }
    ],
    "_anchorPoint": {
      "__type__": "cc.Vec2",
      "x": 0.5,
      "y": 1
    },
    "_contentSize": {
      "__type__": "cc.Size",
      "width": 84,
      "height": 64
    },
    "_position": {
      "__type__": "cc.Vec2",
      "x": 595,
      "y": 375
    }
  },
  {
    "__type__": "cc.Node",
    "_name": "icon_back",
    "_parent": {
      "__id__": 6
    },
    "_components": [
      {
        "__type__": "cc.Sprite",
        "node": {
          "__id__": 7
        },
        "_spriteFrame": {
          "__uuid__": "7a631c26-9ce6-4322-998e-c67957da6f80"
        }
      }
    ],
    "_contentSize": {
      "__type__": "cc.Size",
      "width": 57,
      "height": 50
    },
    "_position": {
      "__type__": "cc.Vec2",
      "y": -26
    }
  },
  {
    "__type__": "cc.Node",
    "_name": "bottom",
    "_parent": {
      "__id__": 2
    },
    "_children": [
      {
        "__id__": 9
      },
      {
        "__id__": 10
      },
      {
        "__id__": 11
      },
      {
        "__id__": 16
      },
      {
        "__id__": 21
      },
      {
        "__id__": 22
      },
      {
        "__id__": 23
      },
      {
        "__id__": 25
      }
    ],
    "_components": [
      {
        "__type__": "cc.Widget",
        "node": {
          "__id__": 8
        },
        "_alignFlags": 45
      }
    ],
    "_contentSize": {
      "__type__": "cc.Size",
      "width": 1334,
      "height": 750
    }
  },
  {
    "__type__": "cc.Node",
    "_name": "bottom_right",
    "_parent": {
      "__id__": 8
    },
    "_components": [
      {
        "__type__": "cc.Sprite",
        "node": {
          "__id__": 9
        },
        "_spriteFrame": {
          "__uuid__": "7aee1866-01db-41aa-afe9-e4a791def6aa"
        },
        "_sizeMode": 0
      },
      {
        "__type__": "cc.Widget",
        "node": {
          "__id__": 9
        },
        "_alignFlags": 44,
        "_left": 0.5000000000757723,
        "_right": -7.577227734145708e-11,
        "_isAbsLeft": false,
        "_originalWidth": 665
      }
    ],
    "_contentSize": {
      "__type__": "cc.Size",
      "width": 666.9999998989955,
      "height": 122
    },
    "_position": {
      "__type__": "cc.Vec2",
      "x": 333.50000005057797,
      "y": -314
    }
  },
  {
    "__type__": "cc.Node",
    "_name": "bottom_left",
    "_parent": {
      "__id__": 8
    },
    "_components": [
      {
        "__type__": "cc.Sprite",
        "node": {
          "__id__": 10
        },
        "_spriteFrame": {
          "__uuid__": "7aee1866-01db-41aa-afe9-e4a791def6aa"
        },
        "_sizeMode": 0
      },
      {
        "__type__": "cc.Widget",
        "node": {
          "__id__": 10
        },
        "_alignFlags": 44,
        "_left": 7.577227734145708e-11,
        "_right": 0.4999999999242277,
        "_isAbsRight": false,
        "_originalWidth": 665
      }
    ],
    "_contentSize": {
      "__type__": "cc.Size",
      "width": 667.0000001010045,
      "height": 122
    },
    "_scaleX": -1,
    "_position": {
      "__type__": "cc.Vec2",
      "x": -333.49999994942203,
      "y": -314
    }
  },
  {
    "__type__": "cc.Node",
    "_name": "diamond",
    "_parent": {
      "__id__": 8
    },
    "_children": [
      {
        "__id__": 12
      },
      {
        "__id__": 13
      },
      {
        "__id__": 14
      },
      {
        "__id__": 15
      }
    ],
    "_components": [
      {
        "__type__": "cc.Button",
        "node": {
          "__id__": 11
        },
        "pressedColor": {
          "__type__": "cc.Color",
          "r": 255,
          "g": 255,
          "b": 255
        },
        "_N$normalColor": {
          "__type__": "cc.Color",
          "r": 255,
          "g": 255,
          "b": 255
        },
        "_N$disabledColor": {
          "__type__": "cc.Color",
          "r": 255,
          "g": 255,
          "b": 255
        },
        "_N$target": {
          "__id__": 11
        }
      },
      {
        "__type__": "cc.Widget",
        "node": {
          "__id__": 11
        },
        "_alignFlags": 12,
        "_left": 50,
        "_bottom": 30
      },
      {
        "__type__": "a171dSnCXFMRIqs1IWdvgWM",
        "node": {
          "__id__": 11
        },
        "pressedScale": 0.85,
        "transDuration": 0.1
      }
    ],
    "_contentSize": {
      "__type__": "cc.Size",
      "width": 215,
      "height": 50
    },
    "_position": {
      "__type__": "cc.Vec2",
      "x": -509.5,
      "y": -320
    }
  },
  {
    "__type__": "cc.Node",
    "_name": "bg",
    "_parent": {
      "__id__": 11
    },
    "_components": [
      {
        "__type__": "cc.Sprite",
        "node": {
          "__id__": 12
        },
        "_spriteFrame": {
          "__uuid__": "d1933017-c845-492d-aa72-bf71d7b48726"
        },
        "_type": 1,
        "_sizeMode": 0
      }
    ],
    "_contentSize": {
      "__type__": "cc.Size",
      "width": 180,
      "height": 42
    }
  },
  {
    "__type__": "cc.Node",
    "_name": "icon_diamond",
    "_parent": {
      "__id__": 11
    },
    "_components": [
      {
        "__type__": "cc.Sprite",
        "node": {
          "__id__": 13
        },
        "_spriteFrame": {
          "__uuid__": "5a7ed901-bdc1-4823-8b0d-d2db8d4506ea"
        }
      }
    ],
    "_contentSize": {
      "__type__": "cc.Size",
      "width": 60,
      "height": 56
    },
    "_position": {
      "__type__": "cc.Vec2",
      "x": -86
    }
  },
  {
    "__type__": "cc.Node",
    "_name": "icon_plus",
    "_parent": {
      "__id__": 11
    },
    "_components": [
      {
        "__type__": "cc.Sprite",
        "node": {
          "__id__": 14
        },
        "_spriteFrame": {
          "__uuid__": "5717c77c-65de-4232-9714-b0c663df738d"
        }
      }
    ],
    "_contentSize": {
      "__type__": "cc.Size",
      "width": 30,
      "height": 30
    },
    "_position": {
      "__type__": "cc.Vec2",
      "x": 65
    }
  },
  {
    "__type__": "cc.Node",
    "_name": "num",
    "_parent": {
      "__id__": 11
    },
    "_components": [
      {
        "__type__": "cc.Label",
        "node": {
          "__id__": 15
        },
        "_useOriginalSize": false,
        "_fontSize": 25,
        "_N$string": "999999\n",
        "_N$horizontalAlign": 1,
        "_N$verticalAlign": 1
      }
    ],
    "_contentSize": {
      "__type__": "cc.Size",
      "width": 83.4228515625,
      "height": 80
    }
  },
  {
    "__type__": "cc.Node",
    "_name": "gold",
    "_parent": {
      "__id__": 8
    },
    "_children": [
      {
        "__id__": 17
      },
      {
        "__id__": 18
      },
      {
        "__id__": 19
      },
      {
        "__id__": 20
      }
    ],
    "_components": [
      {
        "__type__": "cc.Button",
        "node": {
          "__id__": 16
        },
        "pressedColor": {
          "__type__": "cc.Color",
          "r": 255,
          "g": 255,
          "b": 255
        },
        "_N$normalColor": {
          "__type__": "cc.Color",
          "r": 255,
          "g": 255,
          "b": 255
        },
        "_N$disabledColor": {
          "__type__": "cc.Color",
          "r": 255,
          "g": 255,
          "b": 255
        },
        "_N$target": {
          "__id__": 16
        }
      },
      {
        "__type__": "cc.Widget",
        "node": {
          "__id__": 16
        },
        "_alignFlags": 12,
        "_left": 280,
        "_right": 0.5999999998106545,
        "_bottom": 30,
        "_isAbsRight": false
      },
      {
        "__type__": "a171dSnCXFMRIqs1IWdvgWM",
        "node": {
          "__id__": 16
        },
        "pressedScale": 0.8,
        "transDuration": 0.1
      }
    ],
    "_contentSize": {
      "__type__": "cc.Size",
      "width": 215,
      "height": 50
    },
    "_position": {
      "__type__": "cc.Vec2",
      "x": -279.5,
      "y": -320
    }
  },
  {
    "__type__": "cc.Node",
    "_name": "bg",
    "_parent": {
      "__id__": 16
    },
    "_components": [
      {
        "__type__": "cc.Sprite",
        "node": {
          "__id__": 17
        },
        "_spriteFrame": {
          "__uuid__": "d1933017-c845-492d-aa72-bf71d7b48726"
        },
        "_type": 1,
        "_sizeMode": 0
      }
    ],
    "_contentSize": {
      "__type__": "cc.Size",
      "width": 180,
      "height": 42
    }
  },
  {
    "__type__": "cc.Node",
    "_name": "icon_gold",
    "_parent": {
      "__id__": 16
    },
    "_components": [
      {
        "__type__": "cc.Sprite",
        "node": {
          "__id__": 18
        },
        "_spriteFrame": {
          "__uuid__": "45d0f893-f7b7-4c84-8bd9-dd6409ec6de9"
        }
      }
    ],
    "_contentSize": {
      "__type__": "cc.Size",
      "width": 59,
      "height": 55
    },
    "_position": {
      "__type__": "cc.Vec2",
      "x": -86
    }
  },
  {
    "__type__": "cc.Node",
    "_name": "icon_plus",
    "_parent": {
      "__id__": 16
    },
    "_components": [
      {
        "__type__": "cc.Sprite",
        "node": {
          "__id__": 19
        },
        "_spriteFrame": {
          "__uuid__": "5717c77c-65de-4232-9714-b0c663df738d"
        }
      }
    ],
    "_contentSize": {
      "__type__": "cc.Size",
      "width": 30,
      "height": 30
    },
    "_position": {
      "__type__": "cc.Vec2",
      "x": 65
    }
  },
  {
    "__type__": "cc.Node",
    "_name": "num",
    "_parent": {
      "__id__": 16
    },
    "_components": [
      {
        "__type__": "cc.Label",
        "node": {
          "__id__": 20
        },
        "_useOriginalSize": false,
        "_fontSize": 25,
        "_N$string": "999999\n",
        "_N$horizontalAlign": 1,
        "_N$verticalAlign": 1
      }
    ],
    "_contentSize": {
      "__type__": "cc.Size",
      "width": 83.4228515625,
      "height": 80
    }
  },
  {
    "__type__": "cc.Node",
    "_name": "btnRule",
    "_parent": {
      "__id__": 8
    },
    "_components": [
      {
        "__type__": "cc.Sprite",
        "node": {
          "__id__": 21
        },
        "_spriteFrame": {
          "__uuid__": "c2d0f392-28fb-47a7-aaf9-af40e75f40d3"
        }
      },
      {
        "__type__": "cc.Widget",
        "node": {
          "__id__": 21
        },
        "_alignFlags": 36,
        "_right": 0.49999999984845545,
        "_bottom": 30,
        "_isAbsRight": false
      },
      {
        "__type__": "cc.Button",
        "node": {
          "__id__": 21
        },
        "pressedColor": {
          "__type__": "cc.Color",
          "r": 255,
          "g": 255,
          "b": 255
        },
        "_N$normalColor": {
          "__type__": "cc.Color",
          "r": 255,
          "g": 255,
          "b": 255
        },
        "_N$disabledColor": {
          "__type__": "cc.Color",
          "r": 255,
          "g": 255,
          "b": 255
        },
        "_N$target": {
          "__id__": 21
        }
      },
      {
        "__type__": "a171dSnCXFMRIqs1IWdvgWM",
        "node": {
          "__id__": 21
        },
        "pressedScale": 0.8,
        "transDuration": 0.1
      }
    ],
    "_contentSize": {
      "__type__": "cc.Size",
      "width": 53,
      "height": 61
    },
    "_position": {
      "__type__": "cc.Vec2",
      "x": -26.499999797839564,
      "y": -314.5
    }
  },
  {
    "__type__": "cc.Node",
    "_name": "btnSetting",
    "_parent": {
      "__id__": 8
    },
    "_components": [
      {
        "__type__": "cc.Sprite",
        "node": {
          "__id__": 22
        },
        "_spriteFrame": {
          "__uuid__": "679e44ab-196f-4a53-9cfa-ca9ba7c8ba43"
        }
      },
      {
        "__type__": "cc.Widget",
        "node": {
          "__id__": 22
        },
        "_alignFlags": 12,
        "_left": 0.5500000000567582,
        "_bottom": 30,
        "_isAbsLeft": false
      },
      {
        "__type__": "cc.Button",
        "node": {
          "__id__": 22
        },
        "pressedColor": {
          "__type__": "cc.Color",
          "r": 255,
          "g": 255,
          "b": 255
        },
        "_N$normalColor": {
          "__type__": "cc.Color",
          "r": 255,
          "g": 255,
          "b": 255
        },
        "_N$disabledColor": {
          "__type__": "cc.Color",
          "r": 255,
          "g": 255,
          "b": 255
        },
        "_N$target": {
          "__id__": 22
        }
      },
      {
        "__type__": "a171dSnCXFMRIqs1IWdvgWM",
        "node": {
          "__id__": 22
        },
        "pressedScale": 0.8,
        "transDuration": 0.1
      }
    ],
    "_contentSize": {
      "__type__": "cc.Size",
      "width": 59,
      "height": 61
    },
    "_position": {
      "__type__": "cc.Vec2",
      "x": 96.20000007571548,
      "y": -314.5
    }
  },
  {
    "__type__": "cc.Node",
    "_name": "userPhoto",
    "_parent": {
      "__id__": 8
    },
    "_children": [
      {
        "__id__": 24
      }
    ],
    "_components": [
      {
        "__type__": "cc.Sprite",
        "node": {
          "__id__": 23
        },
        "_spriteFrame": {
          "__uuid__": "11c8b27e-29a0-4c2f-ac31-03a2e5793b7c"
        }
      },
      {
        "__type__": "cc.Widget",
        "node": {
          "__id__": 23
        },
        "_alignFlags": 36,
        "_right": 30,
        "_bottom": 25
      }
    ],
    "_contentSize": {
      "__type__": "cc.Size",
      "width": 129,
      "height": 130
    },
    "_position": {
      "__type__": "cc.Vec2",
      "x": 572.5,
      "y": -285
    }
  },
  {
    "__type__": "cc.Node",
    "_name": "photoFrame",
    "_parent": {
      "__id__": 23
    },
    "_components": [
      {
        "__type__": "cc.Sprite",
        "node": {
          "__id__": 24
        },
        "_spriteFrame": {
          "__uuid__": "2e9b2dc0-65b4-44e5-b624-d61da9ee1095"
        },
        "_sizeMode": 0
      }
    ],
    "_contentSize": {
      "__type__": "cc.Size",
      "width": 143,
      "height": 142
    },
    "_position": {
      "__type__": "cc.Vec2",
      "x": 3,
      "y": -3
    }
  },
  {
    "__type__": "cc.Node",
    "_name": "userName",
    "_parent": {
      "__id__": 8
    },
    "_components": [
      {
        "__type__": "cc.Label",
        "node": {
          "__id__": 25
        },
        "_useOriginalSize": false,
        "_N$string": "凹凸曼",
        "_N$horizontalAlign": 2,
        "_N$verticalAlign": 1
      },
      {
        "__type__": "cc.Widget",
        "node": {
          "__id__": 25
        },
        "_alignFlags": 36,
        "_right": 179.99999999999994,
        "_bottom": 30
      }
    ],
    "_anchorPoint": {
      "__type__": "cc.Vec2",
      "x": 1,
      "y": 0.5
    },
    "_contentSize": {
      "__type__": "cc.Size",
      "width": 120,
      "height": 40
    },
    "_position": {
      "__type__": "cc.Vec2",
      "x": 487,
      "y": -325
    }
  },
  {
    "__type__": "cc.Node",
    "_name": "center",
    "_parent": {
      "__id__": 2
    },
    "_children": [
      {
        "__id__": 27
      },
      {
        "__id__": 41
      },
      {
        "__id__": 42
      },
      {
        "__id__": 33
      }
    ],
    "_components": [
      {
        "__type__": "cc.Widget",
        "node": {
          "__id__": 26
        },
        "_alignFlags": 45
      }
    ],
    "_contentSize": {
      "__type__": "cc.Size",
      "width": 1334,
      "height": 750
    }
  },
  {
    "__type__": "cc.Node",
    "_name": "btnQuickStart",
    "_parent": {
      "__id__": 26
    },
    "_components": [
      {
        "__type__": "cc.Widget",
        "node": {
          "__id__": 27
        },
        "_alignFlags": 8,
        "_left": 0.55,
        "_isAbsLeft": false
      },
      {
        "__type__": "cc.Sprite",
        "node": {
          "__id__": 27
        },
        "_spriteFrame": {
          "__uuid__": "d58859db-6a64-489b-aa1c-683e5f9a646b"
        }
      },
      {
        "__type__": "cc.Button",
        "node": {
          "__id__": 27
        },
        "transition": 1,
        "pressedColor": {
          "__type__": "cc.Color",
          "r": 255,
          "g": 255,
          "b": 255
        },
        "pressedSprite": {
          "__uuid__": "e9ec654c-97a2-4787-9325-e6a10375219a"
        },
        "hoverSprite": {
          "__uuid__": "e9ec654c-97a2-4787-9325-e6a10375219a"
        },
        "clickEvents": [
          {
            "__type__": "cc.ClickEvent",
            "target": {
              "__id__": 28
            },
            "component": "Menu",
            "handler": "playGame"
          }
        ],
        "_N$normalColor": {
          "__type__": "cc.Color",
          "r": 255,
          "g": 255,
          "b": 255
        },
        "_N$disabledColor": {
          "__type__": "cc.Color",
          "r": 255,
          "g": 255,
          "b": 255
        },
        "_N$normalSprite": {
          "__uuid__": "f0048c10-f03e-4c97-b9d3-3506e1d58952"
        },
        "_N$disabledSprite": {
          "__uuid__": "29158224-f8dd-4661-a796-1ffab537140e"
        },
        "_N$target": {
          "__id__": 27
        }
      },
      {
        "__type__": "a171dSnCXFMRIqs1IWdvgWM",
        "node": {
          "__id__": 27
        },
        "pressedScale": 0.85,
        "transDuration": 0.1
      }
    ],
    "_contentSize": {
      "__type__": "cc.Size",
      "width": 433,
      "height": 150
    },
    "_position": {
      "__type__": "cc.Vec2",
      "x": 283.20000000000005,
      "y": 200
    }
  },
  {
    "__type__": "cc.Node",
    "_name": "Menu",
    "_parent": {
      "__id__": 1
    },
    "_children": [
      {
        "__id__": 29
      },
      {
        "__id__": 30
      }
    ],
    "_components": [
      {
        "__type__": "20f60m+3RlGO7x2/ARzZ6Qc",
        "node": {
          "__id__": 28
        },
        "audioMng": {
          "__id__": 29
        }
      }
    ],
    "_id": "4eda7IeQaJFc46XJj4Ffyk4",
    "_position": {
      "__type__": "cc.Vec2",
      "x": 667,
      "y": 375
    }
  },
  {
    "__type__": "cc.Node",
    "_name": "AudioMng",
    "_parent": {
      "__id__": 28
    },
    "_components": [
      {
        "__type__": "01ca4tStvVH+JmZ5TNcmuAu",
        "node": {
          "__id__": 29
        },
        "buttonAudio": {
          "__uuid__": "9e2ae507-fae5-4511-940b-f2e46f81b790"
        },
        "bgm": {
          "__uuid__": "49539cb0-3893-459a-b310-7cc1b7f6d335"
        }
      }
    ]
  },
  {
    "__type__": "cc.Node",
    "_name": "RankList",
    "_parent": {
      "__id__": 28
    },
    "_components": [
      {
        "__type__": "fe3fcIxCFFLrKHg6s5+xRUU",
        "node": {
          "__id__": 30
        },
        "scrollView": {
          "__id__": 31
        },
        "prefabRankItem": {
          "__uuid__": "3f7d6f14-8e3f-432c-a537-09c8c7e03b76"
        },
        "rankCount": 6
      }
    ]
  },
  {
    "__type__": "cc.ScrollView",
    "node": {
      "__id__": 32
    },
    "content": {
      "__id__": 36
    },
    "horizontal": false,
    "bounceDuration": 0.3,
    "_N$horizontalScrollBar": null,
    "_N$verticalScrollBar": {
      "__id__": 40
    }
  },
  {
    "__type__": "cc.Node",
    "_name": "scrollView",
    "_parent": {
      "__id__": 33
    },
    "_children": [
      {
        "__id__": 35
      },
      {
        "__id__": 37
      }
    ],
    "_components": [
      {
        "__id__": 31
      }
    ],
    "_contentSize": {
      "__type__": "cc.Size",
      "width": 504,
      "height": 400
    },
    "_position": {
      "__type__": "cc.Vec2",
      "y": -22
    }
  },
  {
    "__type__": "cc.Node",
    "_name": "rankList",
    "_parent": {
      "__id__": 26
    },
    "_children": [
      {
        "__id__": 34
      },
      {
        "__id__": 32
      }
    ],
    "_components": [
      {
        "__type__": "cc.Widget",
        "node": {
          "__id__": 33
        },
        "_alignFlags": 32,
        "_right": 0.52,
        "_isAbsRight": false
      },
      {
        "__type__": "cc.Sprite",
        "node": {
          "__id__": 33
        },
        "_spriteFrame": {
          "__uuid__": "ca7dd73d-526a-4c85-9702-eb51e93b9d99"
        },
        "_type": 1,
        "_sizeMode": 0
      }
    ],
    "_color": {
      "__type__": "cc.Color",
      "r": 184,
      "g": 184,
      "b": 184
    },
    "_contentSize": {
      "__type__": "cc.Size",
      "width": 504,
      "height": 500
    },
    "_position": {
      "__type__": "cc.Vec2",
      "x": -278.68000000000006,
      "y": 31
    }
  },
  {
    "__type__": "cc.Node",
    "_name": "rankinglist_title",
    "_parent": {
      "__id__": 33
    },
    "_components": [
      {
        "__type__": "cc.Sprite",
        "node": {
          "__id__": 34
        },
        "_spriteFrame": {
          "__uuid__": "a8b07ccf-1327-4931-b21a-d327cd0e2cdc"
        }
      }
    ],
    "_contentSize": {
      "__type__": "cc.Size",
      "width": 128,
      "height": 32
    },
    "_position": {
      "__type__": "cc.Vec2",
      "x": -159,
      "y": 213
    }
  },
  {
    "__type__": "cc.Node",
    "_name": "view",
    "_parent": {
      "__id__": 32
    },
    "_children": [
      {
        "__id__": 36
      }
    ],
    "_components": [
      {
        "__type__": "cc.Mask",
        "node": {
          "__id__": 35
        }
      }
    ],
    "_contentSize": {
      "__type__": "cc.Size",
      "width": 500,
      "height": 400
    }
  },
  {
    "__type__": "cc.Node",
    "_name": "content",
    "_parent": {
      "__id__": 35
    },
    "_components": [
      {
        "__type__": "cc.Layout",
        "node": {
          "__id__": 36
        },
        "_layoutSize": {
          "__type__": "cc.Size",
          "width": 500,
          "height": 18
        },
        "_N$layoutType": 2,
        "_N$spacingY": 2
      },
      {
        "__type__": "cc.Widget",
        "node": {
          "__id__": 36
        },
        "_alignFlags": 40,
        "_originalWidth": 500
      }
    ],
    "_anchorPoint": {
      "__type__": "cc.Vec2",
      "x": 0.5,
      "y": 1
    },
    "_contentSize": {
      "__type__": "cc.Size",
      "width": 500,
      "height": 18
    },
    "_position": {
      "__type__": "cc.Vec2",
      "y": 200
    }
  },
  {
    "__type__": "cc.Node",
    "_name": "scrollbar",
    "_parent": {
      "__id__": 32
    },
    "_children": [
      {
        "__id__": 38
      }
    ],
    "_components": [
      {
        "__type__": "cc.Sprite",
        "node": {
          "__id__": 37
        },
        "_spriteFrame": {
          "__uuid__": "88e79fd5-96b4-4a77-a1f4-312467171014"
        },
        "_sizeMode": 0
      },
      {
        "__id__": 40
      }
    ],
    "_contentSize": {
      "__type__": "cc.Size",
      "width": 20,
      "height": 400
    },
    "_position": {
      "__type__": "cc.Vec2",
      "x": 235,
      "y": -1
    }
  },
  {
    "__type__": "cc.Node",
    "_name": "bar",
    "_parent": {
      "__id__": 37
    },
    "_components": [
      {
        "__id__": 39
      }
    ],
    "_contentSize": {
      "__type__": "cc.Size",
      "width": 20,
      "height": 380
    }
  },
  {
    "__type__": "cc.Sprite",
    "node": {
      "__id__": 38
    },
    "_spriteFrame": {
      "__uuid__": "67e68bc9-dad5-4ad9-a2d8-7e03d458e32f"
    },
    "_type": 1,
    "_sizeMode": 0
  },
  {
    "__type__": "cc.Scrollbar",
    "node": {
      "__id__": 37
    },
    "_scrollView": {
      "__id__": 31
    },
    "_N$handle": {
      "__id__": 39
    },
    "_N$direction": 1
  },
  {
    "__type__": "cc.Node",
    "_name": "btnAdvance",
    "_parent": {
      "__id__": 26
    },
    "_components": [
      {
        "__type__": "cc.Widget",
        "node": {
          "__id__": 41
        },
        "_alignFlags": 8,
        "_left": 0.55,
        "_isAbsLeft": false
      },
      {
        "__type__": "cc.Sprite",
        "node": {
          "__id__": 41
        },
        "_spriteFrame": {
          "__uuid__": "935750ee-2a25-4d60-a10f-06b3000e28ab"
        }
      },
      {
        "__type__": "cc.Button",
        "node": {
          "__id__": 41
        },
        "pressedColor": {
          "__type__": "cc.Color",
          "r": 255,
          "g": 255,
          "b": 255
        },
        "pressedSprite": {
          "__uuid__": "e9ec654c-97a2-4787-9325-e6a10375219a"
        },
        "hoverSprite": {
          "__uuid__": "e9ec654c-97a2-4787-9325-e6a10375219a"
        },
        "clickEvents": [
          {
            "__type__": "cc.ClickEvent",
            "target": {
              "__id__": 28
            },
            "component": "Menu",
            "handler": "playGame"
          }
        ],
        "_N$normalColor": {
          "__type__": "cc.Color",
          "r": 255,
          "g": 255,
          "b": 255
        },
        "_N$disabledColor": {
          "__type__": "cc.Color",
          "r": 255,
          "g": 255,
          "b": 255
        },
        "_N$normalSprite": {
          "__uuid__": "f0048c10-f03e-4c97-b9d3-3506e1d58952"
        },
        "_N$disabledSprite": {
          "__uuid__": "29158224-f8dd-4661-a796-1ffab537140e"
        },
        "_N$target": {
          "__id__": 41
        }
      },
      {
        "__type__": "a171dSnCXFMRIqs1IWdvgWM",
        "node": {
          "__id__": 41
        },
        "pressedScale": 0.85,
        "transDuration": 0.1
      }
    ],
    "_contentSize": {
      "__type__": "cc.Size",
      "width": 433,
      "height": 156
    },
    "_position": {
      "__type__": "cc.Vec2",
      "x": 283.20000000000005,
      "y": 30
    }
  },
  {
    "__type__": "cc.Node",
    "_name": "btnTournament",
    "_parent": {
      "__id__": 26
    },
    "_components": [
      {
        "__type__": "cc.Widget",
        "node": {
          "__id__": 42
        },
        "_alignFlags": 8,
        "_left": 0.55,
        "_isAbsLeft": false
      },
      {
        "__type__": "cc.Sprite",
        "node": {
          "__id__": 42
        },
        "_spriteFrame": {
          "__uuid__": "7de24e84-21bd-434b-8ca2-b031dcbb438e"
        }
      },
      {
        "__type__": "cc.Button",
        "node": {
          "__id__": 42
        },
        "pressedColor": {
          "__type__": "cc.Color",
          "r": 255,
          "g": 255,
          "b": 255
        },
        "pressedSprite": {
          "__uuid__": "e9ec654c-97a2-4787-9325-e6a10375219a"
        },
        "hoverSprite": {
          "__uuid__": "e9ec654c-97a2-4787-9325-e6a10375219a"
        },
        "clickEvents": [
          {
            "__type__": "cc.ClickEvent",
            "target": {
              "__id__": 28
            },
            "component": "Menu",
            "handler": "playGame"
          }
        ],
        "_N$normalColor": {
          "__type__": "cc.Color",
          "r": 255,
          "g": 255,
          "b": 255
        },
        "_N$disabledColor": {
          "__type__": "cc.Color",
          "r": 255,
          "g": 255,
          "b": 255
        },
        "_N$normalSprite": {
          "__uuid__": "f0048c10-f03e-4c97-b9d3-3506e1d58952"
        },
        "_N$disabledSprite": {
          "__uuid__": "29158224-f8dd-4661-a796-1ffab537140e"
        },
        "_N$target": {
          "__id__": 42
        }
      },
      {
        "__type__": "a171dSnCXFMRIqs1IWdvgWM",
        "node": {
          "__id__": 42
        },
        "pressedScale": 0.85,
        "transDuration": 0.1
      }
    ],
    "_contentSize": {
      "__type__": "cc.Size",
      "width": 432,
      "height": 150
    },
    "_position": {
      "__type__": "cc.Vec2",
      "x": 282.70000000000005,
      "y": -150
    }
  },
  {
    "__type__": "cc.Node",
    "_name": "update",
    "_parent": {
      "__id__": 2
    },
    "_children": [
      {
        "__id__": 44
      },
      {
        "__id__": 45
      }
    ],
    "_active": false,
    "_components": [
      {
        "__type__": "cc.Widget",
        "node": {
          "__id__": 43
        },
        "_alignFlags": 45
      }
    ],
    "_contentSize": {
      "__type__": "cc.Size",
      "width": 1334,
      "height": 750
    }
  },
  {
    "__type__": "cc.Node",
    "_name": "background_mask",
    "_parent": {
      "__id__": 43
    },
    "_components": [
      {
        "__type__": "cc.Sprite",
        "node": {
          "__id__": 44
        },
        "_spriteFrame": {
          "__uuid__": "7d1d4e60-aba2-48e8-85f8-8e328f34e7cc"
        },
        "_type": 1,
        "_sizeMode": 0
      },
      {
        "__type__": "cc.Widget",
        "node": {
          "__id__": 44
        },
        "_alignFlags": 45,
        "_originalWidth": 54,
        "_originalHeight": 81
      }
    ],
    "_opacity": 100,
    "_contentSize": {
      "__type__": "cc.Size",
      "width": 1334,
      "height": 750
    }
  },
  {
    "__type__": "cc.Node",
    "_name": "update_panel",
    "_parent": {
      "__id__": 43
    },
    "_children": [
      {
        "__id__": 46
      },
      {
        "__id__": 47
      },
      {
        "__id__": 49
      }
    ],
    "_components": [
      {
        "__type__": "cc.Sprite",
        "node": {
          "__id__": 45
        },
        "_spriteFrame": {
          "__uuid__": "ca7dd73d-526a-4c85-9702-eb51e93b9d99"
        },
        "_type": 1,
        "_sizeMode": 0
      }
    ],
    "_contentSize": {
      "__type__": "cc.Size",
      "width": 500,
      "height": 300
    }
  },
  {
    "__type__": "cc.Node",
    "_name": "update_title",
    "_parent": {
      "__id__": 45
    },
    "_components": [
      {
        "__type__": "cc.Label",
        "node": {
          "__id__": 46
        },
        "_useOriginalSize": false,
        "_N$string": "发现更新",
        "_N$horizontalAlign": 1,
        "_N$verticalAlign": 1
      }
    ],
    "_contentSize": {
      "__type__": "cc.Size",
      "width": 160,
      "height": 40
    },
    "_position": {
      "__type__": "cc.Vec2",
      "y": 115
    }
  },
  {
    "__type__": "cc.Node",
    "_name": "update_btn",
    "_parent": {
      "__id__": 45
    },
    "_children": [
      {
        "__id__": 48
      }
    ],
    "_components": [
      {
        "__type__": "cc.Widget",
        "node": {
          "__id__": 47
        }
      },
      {
        "__type__": "cc.Sprite",
        "node": {
          "__id__": 47
        },
        "_spriteFrame": {
          "__uuid__": "c01466ea-7283-4fce-b615-4ee78c774af0"
        },
        "_type": 1,
        "_sizeMode": 0
      },
      {
        "__type__": "cc.Button",
        "node": {
          "__id__": 47
        },
        "pressedColor": {
          "__type__": "cc.Color",
          "r": 255,
          "g": 255,
          "b": 255
        },
        "pressedSprite": {
          "__uuid__": "e9ec654c-97a2-4787-9325-e6a10375219a"
        },
        "hoverSprite": {
          "__uuid__": "e9ec654c-97a2-4787-9325-e6a10375219a"
        },
        "clickEvents": [
          {
            "__type__": "cc.ClickEvent",
            "target": {
              "__id__": 2
            },
            "component": "HotUpdate",
            "handler": "hotUpdate"
          }
        ],
        "_N$normalColor": {
          "__type__": "cc.Color",
          "r": 255,
          "g": 255,
          "b": 255
        },
        "_N$disabledColor": {
          "__type__": "cc.Color",
          "r": 255,
          "g": 255,
          "b": 255
        },
        "_N$normalSprite": {
          "__uuid__": "c01466ea-7283-4fce-b615-4ee78c774af0"
        },
        "_N$disabledSprite": {
          "__uuid__": "29158224-f8dd-4661-a796-1ffab537140e"
        },
        "_N$target": {
          "__id__": 47
        }
      },
      {
        "__type__": "a171dSnCXFMRIqs1IWdvgWM",
        "node": {
          "__id__": 47
        },
        "pressedScale": 0.8,
        "transDuration": 0.1
      }
    ],
    "_contentSize": {
      "__type__": "cc.Size",
      "width": 250,
      "height": 100
    },
    "_position": {
      "__type__": "cc.Vec2",
      "y": -100
    }
  },
  {
    "__type__": "cc.Node",
    "_name": "Label",
    "_parent": {
      "__id__": 47
    },
    "_components": [
      {
        "__type__": "cc.Label",
        "node": {
          "__id__": 48
        },
        "_useOriginalSize": false,
        "_fontSize": 30,
        "_enableWrapText": false,
        "_N$string": "立即更新",
        "_N$horizontalAlign": 1,
        "_N$verticalAlign": 1
      }
    ],
    "_color": {
      "__type__": "cc.Color"
    },
    "_contentSize": {
      "__type__": "cc.Size",
      "width": 120,
      "height": 40
    },
    "_position": {
      "__type__": "cc.Vec2",
      "y": 11
    }
  },
  {
    "__type__": "cc.Node",
    "_name": "percent",
    "_parent": {
      "__id__": 45
    },
    "_components": [
      {
        "__id__": 50
      }
    ],
    "_contentSize": {
      "__type__": "cc.Size",
      "width": 57.8125,
      "height": 40
    }
  },
  {
    "__type__": "cc.Label",
    "node": {
      "__id__": 49
    },
    "_useOriginalSize": false,
    "_N$string": "0%",
    "_N$horizontalAlign": 1,
    "_N$verticalAlign": 1
  }
]