[
  {
    "__type__": "cc.SpriteFrame",
    "content": {
      "name": "icon_gold_small",
      "texture": "52ReJcAQxF+4Sj87zpV5Pn",
      "rect": [
        0,
        0,
        37,
        38
      ],
      "offset": [
        0,
        0
      ],
      "originalSize": [
        37,
        38
      ]
    }
  },
  [
    {
      "__type__": "cc.Prefab",
      "_name": "chipPrefab",
      "data": {
        "__id__": 1
      }
    },
    {
      "__type__": "cc.Node",
      "_name": "chipPrefab",
      "_children": [
        {
          "__id__": 2
        }
      ],
      "_components": [
        {
          "__type__": "b4eb5Lo6U1IZ4eJWuxShCdH",
          "node": {
            "__id__": 1
          },
          "anim": {
            "__id__": 3
          }
        }
      ],
      "_prefab": {
        "__type__": "cc.PrefabInfo",
        "root": {
          "__id__": 1
        },
        "fileId": "24eaabIiV9Jz4XD8UAxHasG"
      },
      "_contentSize": {
        "__type__": "cc.Size",
        "width": 37,
        "height": 38
      }
    },
    {
      "__type__": "cc.Node",
      "_name": "chip",
      "_parent": {
        "__id__": 1
      },
      "_components": [
        {
          "__type__": "cc.Sprite",
          "node": {
            "__id__": 2
          },
          "_spriteFrame": {
            "__uuid__": "74WfyONyNNlYWUrI7qmfJ+"
          }
        },
        {
          "__id__": 3
        }
      ],
      "_prefab": {
        "__type__": "cc.PrefabInfo",
        "root": {
          "__id__": 1
        },
        "fileId": "ef299Ttu/RHzpqovrT3NmjW"
      },
      "_contentSize": {
        "__type__": "cc.Size",
        "width": 37,
        "height": 38
      }
    },
    {
      "__type__": "cc.Animation",
      "node": {
        "__id__": 2
      },
      "_clips": [
        {
          "__uuid__": "02mNDpMupOYYGE9/zFUuJW"
        }
      ]
    }
  ]
]