[
  {
    "__type__": "cc.SceneAsset",
    "_name": "table",
    "scene": {
      "__id__": 1
    },
    "asyncLoadAssets": false
  },
  {
    "__type__": "cc.Scene",
    "_anchorPoint": {
      "__type__": "cc.Vec2"
    },
    "_children": [
      {
        "__id__": 2
      },
      {
        "__id__": 29
      }
    ],
    "autoReleaseAssets": false
  },
  {
    "__type__": "cc.Node",
    "_name": "Canvas",
    "_parent": {
      "__id__": 1
    },
    "_contentSize": {
      "__type__": "cc.Size",
      "width": 1334,
      "height": 750
    },
    "_children": [
      {
        "__id__": 3
      },
      {
        "__id__": 10
      },
      {
        "__id__": 25
      }
    ],
    "_position": {
      "__type__": "cc.Vec2",
      "x": 667,
      "y": 375
    },
    "_id": "9d7f9sT4TZC6YZaIBerhd/v",
    "_components": [
      {
        "__type__": "cc.Canvas",
        "node": {
          "__id__": 2
        },
        "_designResolution": {
          "__type__": "cc.Size",
          "width": 1334,
          "height": 750
        }
      }
    ]
  },
  {
    "__type__": "cc.Node",
    "_name": "bgLayer",
    "_parent": {
      "__id__": 2
    },
    "_contentSize": {
      "__type__": "cc.Size",
      "width": 1334,
      "height": 750
    },
    "_children": [
      {
        "__id__": 4
      },
      {
        "__id__": 5
      },
      {
        "__id__": 6
      },
      {
        "__id__": 7
      }
    ],
    "_components": [
      {
        "__type__": "cc.Widget",
        "node": {
          "__id__": 3
        },
        "_alignFlags": 45
      }
    ]
  },
  {
    "__type__": "cc.Node",
    "_name": "zhuozi_right",
    "_parent": {
      "__id__": 3
    },
    "_contentSize": {
      "__type__": "cc.Size",
      "width": 667,
      "height": 750
    },
    "_position": {
      "__type__": "cc.Vec2",
      "x": 333.5
    },
    "_components": [
      {
        "__type__": "cc.Sprite",
        "node": {
          "__id__": 4
        },
        "_spriteFrame": {
          "__uuid__": "b028bac7-dbc0-42f0-8660-eeb3007e6aa6"
        }
      },
      {
        "__type__": "cc.Widget",
        "node": {
          "__id__": 4
        },
        "_alignFlags": 45,
        "_left": 0.5,
        "_isAbsLeft": false,
        "_originalWidth": 667,
        "_originalHeight": 750
      }
    ]
  },
  {
    "__type__": "cc.Node",
    "_name": "zhuozi_left",
    "_parent": {
      "__id__": 3
    },
    "_contentSize": {
      "__type__": "cc.Size",
      "width": 667,
      "height": 750
    },
    "_scaleX": -1,
    "_position": {
      "__type__": "cc.Vec2",
      "x": -333.5
    },
    "_components": [
      {
        "__type__": "cc.Sprite",
        "node": {
          "__id__": 5
        },
        "_spriteFrame": {
          "__uuid__": "b028bac7-dbc0-42f0-8660-eeb3007e6aa6"
        }
      },
      {
        "__type__": "cc.Widget",
        "node": {
          "__id__": 5
        },
        "_alignFlags": 45,
        "_right": 0.5,
        "_isAbsRight": false,
        "_originalWidth": 667,
        "_originalHeight": 750
      }
    ]
  },
  {
    "__type__": "cc.Node",
    "_name": "goldbox",
    "_parent": {
      "__id__": 3
    },
    "_contentSize": {
      "__type__": "cc.Size",
      "width": 281,
      "height": 73
    },
    "_position": {
      "__type__": "cc.Vec2",
      "y": 338.5
    },
    "_components": [
      {
        "__type__": "cc.Sprite",
        "node": {
          "__id__": 6
        },
        "_spriteFrame": {
          "__uuid__": "2a184fb3-9c90-48b3-9d1d-8453f8c6252c"
        }
      },
      {
        "__type__": "cc.Widget",
        "node": {
          "__id__": 6
        },
        "_alignFlags": 17
      }
    ]
  },
  {
    "__type__": "cc.Node",
    "_name": "BettingCounter",
    "_parent": {
      "__id__": 3
    },
    "_anchorPoint": {
      "__type__": "cc.Vec2",
      "x": 0.5,
      "y": 1
    },
    "_contentSize": {
      "__type__": "cc.Size",
      "width": 333,
      "height": 263
    },
    "_children": [
      {
        "__id__": 8
      },
      {
        "__id__": 9
      }
    ],
    "_position": {
      "__type__": "cc.Vec2",
      "y": 375
    },
    "_components": [
      {
        "__type__": "cc.Sprite",
        "node": {
          "__id__": 7
        },
        "_spriteFrame": {
          "__uuid__": "6181778a-ebce-4e14-9e57-3c9f472a8ed9"
        }
      },
      {
        "__type__": "cc.Widget",
        "node": {
          "__id__": 7
        },
        "_alignFlags": 17
      }
    ]
  },
  {
    "__type__": "cc.Node",
    "_name": "progressBar",
    "_color": {
      "__type__": "cc.Color"
    },
    "_parent": {
      "__id__": 7
    },
    "_anchorPoint": {
      "__type__": "cc.Vec2",
      "x": 0.5,
      "y": 1
    },
    "_contentSize": {
      "__type__": "cc.Size",
      "width": 333,
      "height": 263
    },
    "_active": false,
    "_components": [
      {
        "__type__": "cc.Sprite",
        "node": {
          "__id__": 8
        },
        "_spriteFrame": {
          "__uuid__": "ede1495d-fc57-4c30-8e55-32402043ed4e"
        }
      }
    ]
  },
  {
    "__type__": "cc.Node",
    "_name": "txtCountdown",
    "_parent": {
      "__id__": 7
    },
    "_contentSize": {
      "__type__": "cc.Size",
      "width": 218,
      "height": 29
    },
    "_position": {
      "__type__": "cc.Vec2",
      "y": -105
    },
    "_active": false,
    "_components": [
      {
        "__type__": "cc.Sprite",
        "node": {
          "__id__": 9
        },
        "_spriteFrame": {
          "__uuid__": "22f76932-c1c0-4d9d-912a-b4b73572ca52"
        }
      }
    ]
  },
  {
    "__type__": "cc.Node",
    "_name": "playerLayer",
    "_parent": {
      "__id__": 2
    },
    "_contentSize": {
      "__type__": "cc.Size",
      "width": 1334,
      "height": 750
    },
    "_children": [
      {
        "__id__": 11
      },
      {
        "__id__": 12
      },
      {
        "__id__": 13
      },
      {
        "__id__": 14
      },
      {
        "__id__": 15
      },
      {
        "__id__": 16
      }
    ],
    "_components": [
      {
        "__type__": "cc.Widget",
        "node": {
          "__id__": 10
        },
        "_alignFlags": 45,
        "_originalWidth": 1334,
        "_originalHeight": 750
      }
    ]
  },
  {
    "__type__": "cc.Node",
    "_name": "anchorPlayer0",
    "_parent": {
      "__id__": 10
    },
    "_children": [
      {
        "__type__": "cc.Node",
        "_name": "anchorPlayerInfo",
        "_parent": {
          "__id__": 11
        },
        "_position": {
          "__type__": "cc.Vec2",
          "x": -121,
          "y": -88
        }
      },
      {
        "__type__": "cc.Node",
        "_name": "anchorStake",
        "_parent": {
          "__id__": 11
        },
        "_position": {
          "__type__": "cc.Vec2",
          "y": 86
        }
      }
    ],
    "_position": {
      "__type__": "cc.Vec2",
      "x": -319,
      "y": 226
    }
  },
  {
    "__type__": "cc.Node",
    "_name": "anchorPlayer1",
    "_parent": {
      "__id__": 10
    },
    "_children": [
      {
        "__type__": "cc.Node",
        "_name": "anchorPlayerInfo",
        "_parent": {
          "__id__": 12
        },
        "_position": {
          "__type__": "cc.Vec2",
          "x": -113,
          "y": -93
        }
      },
      {
        "__type__": "cc.Node",
        "_name": "anchorStake",
        "_parent": {
          "__id__": 12
        },
        "_position": {
          "__type__": "cc.Vec2",
          "y": 86
        }
      }
    ],
    "_position": {
      "__type__": "cc.Vec2",
      "x": -236,
      "y": 30
    }
  },
  {
    "__type__": "cc.Node",
    "_name": "anchorPlayer2",
    "_parent": {
      "__id__": 10
    },
    "_children": [
      {
        "__type__": "cc.Node",
        "_name": "anchorPlayerInfo",
        "_parent": {
          "__id__": 13
        },
        "_position": {
          "__type__": "cc.Vec2",
          "x": -90,
          "y": -137
        }
      },
      {
        "__type__": "cc.Node",
        "_name": "anchorStake",
        "_parent": {
          "__id__": 13
        },
        "_position": {
          "__type__": "cc.Vec2",
          "y": 86
        }
      }
    ],
    "_position": {
      "__type__": "cc.Vec2",
      "x": -0.9,
      "y": -44.3
    }
  },
  {
    "__type__": "cc.Node",
    "_name": "anchorPlayer3",
    "_parent": {
      "__id__": 10
    },
    "_children": [
      {
        "__type__": "cc.Node",
        "_name": "anchorPlayerInfo",
        "_parent": {
          "__id__": 14
        },
        "_position": {
          "__type__": "cc.Vec2",
          "x": 112,
          "y": -116
        }
      },
      {
        "__type__": "cc.Node",
        "_name": "anchorStake",
        "_parent": {
          "__id__": 14
        },
        "_position": {
          "__type__": "cc.Vec2",
          "y": 86
        }
      }
    ],
    "_position": {
      "__type__": "cc.Vec2",
      "x": 233.1,
      "y": 30
    }
  },
  {
    "__type__": "cc.Node",
    "_name": "anchorPlayer4",
    "_parent": {
      "__id__": 10
    },
    "_children": [
      {
        "__type__": "cc.Node",
        "_name": "anchorPlayerInfo",
        "_parent": {
          "__id__": 15
        },
        "_position": {
          "__type__": "cc.Vec2",
          "x": 118,
          "y": -104
        }
      },
      {
        "__type__": "cc.Node",
        "_name": "anchorStake",
        "_parent": {
          "__id__": 15
        },
        "_position": {
          "__type__": "cc.Vec2",
          "y": 86
        }
      }
    ],
    "_position": {
      "__type__": "cc.Vec2",
      "x": 316.2,
      "y": 225.7
    }
  },
  {
    "__type__": "cc.Node",
    "_name": "anchorDealer",
    "_parent": {
      "__id__": 10
    },
    "_children": [
      {
        "__id__": 17
      }
    ],
    "_position": {
      "__type__": "cc.Vec2",
      "y": 226
    }
  },
  {
    "__type__": "cc.Node",
    "_name": "Dealer",
    "_parent": {
      "__id__": 16
    },
    "_children": [
      {
        "__id__": 18
      },
      {
        "__id__": 19
      },
      {
        "__id__": 20
      }
    ],
    "_components": [
      {
        "__type__": "1a792KO87NBg7vCCIp1jq+j",
        "node": {
          "__id__": 17
        },
        "cardInfo": {
          "__id__": 20
        },
        "cardPrefab": {
          "__uuid__": "1be1ace3-b9b3-4bf4-9c45-5c1d9eccac08"
        },
        "anchorCards": {
          "__id__": 18
        },
        "labelCardInfo": {
          "__id__": 23
        },
        "spCardInfo": {
          "__id__": 24
        },
        "animFX": {
          "__id__": 19
        },
        "cardSpace": 30
      },
      {
        "__type__": "ce2dfoqEulHCLjS1Z9xPN7t",
        "node": {
          "__id__": 17
        },
        "renderer": {
          "__id__": 17
        }
      }
    ]
  },
  {
    "__type__": "cc.Node",
    "_name": "anchorCards",
    "_parent": {
      "__id__": 17
    }
  },
  {
    "__type__": "cc.Node",
    "_name": "FXPlayer",
    "_parent": {
      "__id__": 17
    },
    "_contentSize": {
      "__type__": "cc.Size",
      "width": 250,
      "height": 79
    },
    "_components": [
      {
        "__type__": "cc.Sprite",
        "node": {
          "__id__": 19
        },
        "_spriteFrame": {
          "__uuid__": "810d3dcc-8b4b-4272-a133-2c91a6e76488"
        }
      },
      {
        "__type__": "cc.Animation",
        "node": {
          "__id__": 19
        },
        "_clips": [
          {
            "__uuid__": "b5e16d2d-db8b-4264-a50c-7b98121a9f42"
          },
          {
            "__uuid__": "e1facc40-00d0-4fac-85dd-051fe220a8e1"
          }
        ]
      },
      {
        "__type__": "68da2yjdGVMSYhXLN9DukIB",
        "node": {
          "__id__": 19
        }
      }
    ]
  },
  {
    "__type__": "cc.Node",
    "_name": "cardInfo",
    "_parent": {
      "__id__": 17
    },
    "_children": [
      {
        "__id__": 21
      }
    ]
  },
  {
    "__type__": "cc.Node",
    "_name": "infoBG",
    "_parent": {
      "__id__": 20
    },
    "_anchorPoint": {
      "__type__": "cc.Vec2",
      "x": 1,
      "y": 0.5
    },
    "_contentSize": {
      "__type__": "cc.Size",
      "width": 82,
      "height": 37
    },
    "_children": [
      {
        "__id__": 22
      }
    ],
    "_scaleX": -1,
    "_components": [
      {
        "__id__": 24
      }
    ]
  },
  {
    "__type__": "cc.Node",
    "_name": "text",
    "_parent": {
      "__id__": 21
    },
    "_contentSize": {
      "__type__": "cc.Size",
      "width": 82,
      "height": 37
    },
    "_scaleX": -1,
    "_position": {
      "__type__": "cc.Vec2",
      "x": -41
    },
    "_components": [
      {
        "__id__": 23
      },
      {
        "__type__": "cc.Widget",
        "node": {
          "__id__": 22
        },
        "_alignFlags": 45,
        "_originalWidth": 128,
        "_originalHeight": 50
      }
    ]
  },
  {
    "__type__": "cc.Label",
    "node": {
      "__id__": 22
    },
    "_useOriginalSize": false,
    "_fontSize": 20,
    "_lineHeight": 20,
    "_N$string": "爆牌",
    "_N$horizontalAlign": 1,
    "_N$verticalAlign": 1,
    "_N$overflow": 1
  },
  {
    "__type__": "cc.Sprite",
    "node": {
      "__id__": 21
    },
    "_spriteFrame": {
      "__uuid__": "62c007e7-076e-4e44-a57d-33bd7e7cd350"
    }
  },
  {
    "__type__": "cc.Node",
    "_name": "uiLayer",
    "_parent": {
      "__id__": 2
    },
    "_contentSize": {
      "__type__": "cc.Size",
      "width": 1334,
      "height": 750
    },
    "_children": [
      {
        "__id__": 26
      },
      {
        "__id__": 27
      },
      {
        "__id__": 74
      },
      {
        "__id__": 31
      },
      {
        "__id__": 96
      },
      {
        "__id__": 108
      },
      {
        "__id__": 110
      },
      {
        "__id__": 105
      },
      {
        "__id__": 112
      },
      {
        "__id__": 36
      }
    ],
    "_components": [
      {
        "__type__": "cc.Widget",
        "node": {
          "__id__": 25
        },
        "_alignFlags": 45,
        "_originalWidth": 1334,
        "_originalHeight": 750
      }
    ]
  },
  {
    "__type__": "cc.Node",
    "_name": "chipAnchor",
    "_parent": {
      "__id__": 25
    },
    "_position": {
      "__type__": "cc.Vec2",
      "x": 590,
      "y": -315
    }
  },
  {
    "__type__": "cc.Node",
    "_name": "btnStart",
    "_parent": {
      "__id__": 25
    },
    "_contentSize": {
      "__type__": "cc.Size",
      "width": 240,
      "height": 96
    },
    "_children": [
      {
        "__id__": 28
      }
    ],
    "_position": {
      "__type__": "cc.Vec2",
      "x": -3,
      "y": -329
    },
    "_components": [
      {
        "__type__": "cc.Widget",
        "node": {
          "__id__": 27
        },
        "_alignFlags": 32,
        "_right": 550,
        "_bottom": 45.47424373308067
      },
      {
        "__type__": "cc.Sprite",
        "node": {
          "__id__": 27
        },
        "_spriteFrame": {
          "__uuid__": "dbe9ce6c-c362-433a-a6b5-59ad0c3352e2"
        },
        "_type": 1
      },
      {
        "__type__": "cc.Button",
        "node": {
          "__id__": 27
        },
        "pressedColor": {
          "__type__": "cc.Color",
          "r": 255,
          "g": 255,
          "b": 255
        },
        "pressedSprite": {
          "__uuid__": "e9ec654c-97a2-4787-9325-e6a10375219a"
        },
        "hoverSprite": {
          "__uuid__": "e9ec654c-97a2-4787-9325-e6a10375219a"
        },
        "clickEvents": [
          {
            "__type__": "cc.ClickEvent",
            "target": {
              "__id__": 29
            },
            "component": "Game",
            "handler": "start"
          }
        ],
        "_N$normalColor": {
          "__type__": "cc.Color",
          "r": 255,
          "g": 255,
          "b": 255
        },
        "_N$disabledColor": {
          "__type__": "cc.Color",
          "r": 255,
          "g": 255,
          "b": 255
        },
        "_N$normalSprite": {
          "__uuid__": "f0048c10-f03e-4c97-b9d3-3506e1d58952"
        },
        "_N$disabledSprite": {
          "__uuid__": "29158224-f8dd-4661-a796-1ffab537140e"
        },
        "_N$target": {
          "__id__": 27
        }
      },
      {
        "__type__": "a171dSnCXFMRIqs1IWdvgWM",
        "node": {
          "__id__": 27
        },
        "pressedScale": 0.85,
        "transDuration": 0.1
      }
    ]
  },
  {
    "__type__": "cc.Node",
    "_name": "Label",
    "_color": {
      "__type__": "cc.Color",
      "r": 250,
      "g": 250,
      "b": 250
    },
    "_parent": {
      "__id__": 27
    },
    "_contentSize": {
      "__type__": "cc.Size",
      "height": 53.85
    },
    "_position": {
      "__type__": "cc.Vec2",
      "y": 12.999999999999996
    },
    "_components": [
      {
        "__type__": "cc.Label",
        "node": {
          "__id__": 28
        },
        "_useOriginalSize": false,
        "_actualFontSize": 35,
        "_fontSize": 35,
        "_enableWrapText": false,
        "_N$file": {
          "__uuid__": "f60efab7-baa5-4ec2-ab29-c82c3ab029f4"
        },
        "_isSystemFontUsed": false,
        "_N$string": "下注",
        "_N$horizontalAlign": 1,
        "_N$verticalAlign": 1,
        "_N$overflow": 1
      },
      {
        "__type__": "cc.Widget",
        "node": {
          "__id__": 28
        },
        "_alignFlags": 1,
        "_top": 8.075
      }
    ]
  },
  {
    "__type__": "cc.Node",
    "_name": "Game",
    "_parent": {
      "__id__": 1
    },
    "_children": [
      {
        "__id__": 30
      },
      {
        "__id__": 106
      },
      {
        "__id__": 107
      },
      {
        "__id__": 78
      }
    ],
    "_position": {
      "__type__": "cc.Vec2",
      "x": 667,
      "y": 375
    },
    "_id": "dfa35Iq9w9Cm4DYQDfB71Fo",
    "_components": [
      {
        "__type__": "63738OONCFKHqsf4QSeJSun",
        "node": {
          "__id__": 29
        },
        "playerAnchors": [
          {
            "__id__": 11
          },
          {
            "__id__": 12
          },
          {
            "__id__": 13
          },
          {
            "__id__": 14
          },
          {
            "__id__": 15
          }
        ],
        "playerPrefab": {
          "__uuid__": "e7b4811b-3fb0-4e2f-a31f-757a87273ca9"
        },
        "dealer": {
          "__id__": 17
        },
        "inGameUI": {
          "__id__": 30
        },
        "betUI": {
          "__id__": 78
        },
        "assetMng": {
          "__id__": 107
        },
        "audioMng": {
          "__id__": 106
        },
        "turnDuration": 10,
        "betDuration": 10,
        "totalChipsNum": 50000
      }
    ]
  },
  {
    "__type__": "cc.Node",
    "_name": "InGameUI",
    "_parent": {
      "__id__": 29
    },
    "_position": {
      "__type__": "cc.Vec2",
      "x": -667,
      "y": -375
    },
    "_components": [
      {
        "__type__": "f192efroeFEyaxtfh8TVXYz",
        "node": {
          "__id__": 30
        },
        "panelChat": {
          "__id__": 31
        },
        "panelSocial": {
          "__id__": 36
        },
        "betStateUI": {
          "__id__": 74
        },
        "gameStateUI": {
          "__id__": 96
        },
        "resultTxt": {
          "__id__": 104
        },
        "betCounter": {
          "__id__": 7
        },
        "btnStart": {
          "__id__": 27
        },
        "labelTotalChips": {
          "__id__": 95
        }
      }
    ]
  },
  {
    "__type__": "cc.Node",
    "_name": "panelChat",
    "_parent": {
      "__id__": 25
    },
    "_anchorPoint": {
      "__type__": "cc.Vec2"
    },
    "_contentSize": {
      "__type__": "cc.Size",
      "width": 680,
      "height": 690
    },
    "_children": [
      {
        "__id__": 32
      },
      {
        "__id__": 33
      },
      {
        "__id__": 34
      }
    ],
    "_position": {
      "__type__": "cc.Vec2",
      "x": -667,
      "y": -375
    },
    "_active": false,
    "_components": [
      {
        "__type__": "cc.Sprite",
        "node": {
          "__id__": 31
        },
        "_spriteFrame": {
          "__uuid__": "feb810ab-02f5-4f17-ac06-a23842d236a8"
        },
        "_type": 1
      },
      {
        "__type__": "cc.Widget",
        "node": {
          "__id__": 31
        },
        "_alignFlags": 12
      }
    ]
  },
  {
    "__type__": "cc.Node",
    "_name": "faces",
    "_parent": {
      "__id__": 31
    },
    "_contentSize": {
      "__type__": "cc.Size",
      "width": 502,
      "height": 473
    },
    "_scaleX": 1.2,
    "_scaleY": 1.1,
    "_position": {
      "__type__": "cc.Vec2",
      "x": 333,
      "y": 399
    },
    "_components": [
      {
        "__type__": "cc.Sprite",
        "node": {
          "__id__": 32
        },
        "_spriteFrame": {
          "__uuid__": "5c390bbc-a6cf-49d6-b1ab-d9417b565edc"
        }
      }
    ]
  },
  {
    "__type__": "cc.Node",
    "_name": "input-box",
    "_parent": {
      "__id__": 31
    },
    "_contentSize": {
      "__type__": "cc.Size",
      "width": 360,
      "height": 81
    },
    "_position": {
      "__type__": "cc.Vec2",
      "x": 309,
      "y": 67
    },
    "_components": [
      {
        "__type__": "cc.Sprite",
        "node": {
          "__id__": 33
        },
        "_spriteFrame": {
          "__uuid__": "4e28e010-aec7-49bb-9add-42dd4dc0fc51"
        },
        "_type": 1
      }
    ]
  },
  {
    "__type__": "cc.Node",
    "_name": "btnSend",
    "_parent": {
      "__id__": 31
    },
    "_contentSize": {
      "__type__": "cc.Size",
      "width": 144,
      "height": 91
    },
    "_children": [
      {
        "__id__": 35
      }
    ],
    "_position": {
      "__type__": "cc.Vec2",
      "x": 568,
      "y": 61.00000000000001
    },
    "_components": [
      {
        "__type__": "cc.Sprite",
        "node": {
          "__id__": 34
        },
        "_spriteFrame": {
          "__uuid__": "1178ed33-cd30-4240-9097-2552d75fa57b"
        }
      },
      {
        "__type__": "cc.Button",
        "node": {
          "__id__": 34
        },
        "pressedColor": {
          "__type__": "cc.Color",
          "r": 255,
          "g": 255,
          "b": 255
        },
        "_N$normalColor": {
          "__type__": "cc.Color",
          "r": 255,
          "g": 255,
          "b": 255
        },
        "_N$disabledColor": {
          "__type__": "cc.Color",
          "r": 255,
          "g": 255,
          "b": 255
        },
        "_N$target": {
          "__id__": 34
        }
      },
      {
        "__type__": "a171dSnCXFMRIqs1IWdvgWM",
        "node": {
          "__id__": 34
        },
        "pressedScale": 0.8,
        "transDuration": 0.1
      }
    ]
  },
  {
    "__type__": "cc.Node",
    "_name": "send",
    "_parent": {
      "__id__": 34
    },
    "_contentSize": {
      "__type__": "cc.Size",
      "width": 93,
      "height": 52
    },
    "_position": {
      "__type__": "cc.Vec2",
      "y": 9
    },
    "_components": [
      {
        "__type__": "cc.Sprite",
        "node": {
          "__id__": 35
        },
        "_spriteFrame": {
          "__uuid__": "7aa1165f-2b15-42ee-ba39-a41f3b5900b2"
        }
      }
    ]
  },
  {
    "__type__": "cc.Node",
    "_name": "panelSocial",
    "_parent": {
      "__id__": 25
    },
    "_contentSize": {
      "__type__": "cc.Size",
      "width": 800,
      "height": 600
    },
    "_children": [
      {
        "__id__": 37
      },
      {
        "__id__": 52
      }
    ],
    "_active": false,
    "_components": [
      {
        "__type__": "cc.Sprite",
        "node": {
          "__id__": 36
        },
        "_spriteFrame": {
          "__uuid__": "8a1e31ac-cc7e-4166-a6d2-8d4edc27d26a"
        },
        "_type": 1
      }
    ]
  },
  {
    "__type__": "cc.Node",
    "_name": "userInfo",
    "_parent": {
      "__id__": 36
    },
    "_contentSize": {
      "__type__": "cc.Size",
      "width": 682,
      "height": 226
    },
    "_children": [
      {
        "__id__": 38
      },
      {
        "__id__": 40
      },
      {
        "__id__": 41
      },
      {
        "__id__": 42
      },
      {
        "__id__": 43
      },
      {
        "__id__": 44
      },
      {
        "__id__": 46
      },
      {
        "__id__": 48
      },
      {
        "__id__": 50
      }
    ],
    "_position": {
      "__type__": "cc.Vec2",
      "y": 135
    }
  },
  {
    "__type__": "cc.Node",
    "_name": "userImage",
    "_parent": {
      "__id__": 37
    },
    "_contentSize": {
      "__type__": "cc.Size",
      "width": 126,
      "height": 126
    },
    "_children": [
      {
        "__id__": 39
      }
    ],
    "_position": {
      "__type__": "cc.Vec2",
      "x": -259,
      "y": 34
    },
    "_components": [
      {
        "__type__": "cc.Sprite",
        "node": {
          "__id__": 38
        },
        "_spriteFrame": {
          "__uuid__": "01540c0b-9980-4710-a4fe-ec364ec5d525"
        }
      }
    ]
  },
  {
    "__type__": "cc.Node",
    "_name": "user_image",
    "_parent": {
      "__id__": 38
    },
    "_contentSize": {
      "__type__": "cc.Size",
      "width": 120,
      "height": 120
    },
    "_components": [
      {
        "__type__": "cc.Sprite",
        "node": {
          "__id__": 39
        },
        "_spriteFrame": {
          "__uuid__": "dd48b639-bf9d-46b2-b14c-74325543d296"
        }
      }
    ]
  },
  {
    "__type__": "cc.Node",
    "_name": "name",
    "_parent": {
      "__id__": 37
    },
    "_contentSize": {
      "__type__": "cc.Size",
      "width": 198.6,
      "height": 50
    },
    "_position": {
      "__type__": "cc.Vec2",
      "x": -76,
      "y": 49
    },
    "_components": [
      {
        "__type__": "cc.Label",
        "node": {
          "__id__": 40
        },
        "_useOriginalSize": false,
        "_fontSize": 30,
        "_N$string": "凹凸曼凹凸曼",
        "_N$horizontalAlign": 1,
        "_N$verticalAlign": 1,
        "_N$overflow": 1
      }
    ]
  },
  {
    "__type__": "cc.Node",
    "_name": "age",
    "_parent": {
      "__id__": 37
    },
    "_contentSize": {
      "__type__": "cc.Size",
      "width": 79,
      "height": 50
    },
    "_position": {
      "__type__": "cc.Vec2",
      "x": -137,
      "y": 4
    },
    "_components": [
      {
        "__type__": "cc.Label",
        "node": {
          "__id__": 41
        },
        "_useOriginalSize": false,
        "_fontSize": 20,
        "_N$string": "24岁",
        "_N$horizontalAlign": 1,
        "_N$verticalAlign": 1,
        "_N$overflow": 1
      }
    ]
  },
  {
    "__type__": "cc.Node",
    "_name": "location",
    "_parent": {
      "__id__": 37
    },
    "_contentSize": {
      "__type__": "cc.Size",
      "width": 79,
      "height": 50
    },
    "_position": {
      "__type__": "cc.Vec2",
      "x": -28,
      "y": 4
    },
    "_components": [
      {
        "__type__": "cc.Label",
        "node": {
          "__id__": 42
        },
        "_useOriginalSize": false,
        "_fontSize": 20,
        "_N$string": "深圳",
        "_N$horizontalAlign": 1,
        "_N$verticalAlign": 1,
        "_N$overflow": 1
      }
    ]
  },
  {
    "__type__": "cc.Node",
    "_name": "icon_girl",
    "_parent": {
      "__id__": 37
    },
    "_contentSize": {
      "__type__": "cc.Size",
      "width": 32,
      "height": 32
    },
    "_position": {
      "__type__": "cc.Vec2",
      "x": 36,
      "y": 49
    },
    "_components": [
      {
        "__type__": "cc.Sprite",
        "node": {
          "__id__": 43
        },
        "_spriteFrame": {
          "__uuid__": "dc0c03f6-1138-4b9f-ba96-e8376a5d83a1"
        }
      }
    ]
  },
  {
    "__type__": "cc.Node",
    "_name": "btnChat",
    "_parent": {
      "__id__": 37
    },
    "_contentSize": {
      "__type__": "cc.Size",
      "width": 201,
      "height": 66
    },
    "_children": [
      {
        "__id__": 45
      }
    ],
    "_position": {
      "__type__": "cc.Vec2",
      "x": 218,
      "y": 39
    },
    "_components": [
      {
        "__type__": "cc.Sprite",
        "node": {
          "__id__": 44
        },
        "_spriteFrame": {
          "__uuid__": "67c61cd3-6096-407d-8b1d-54909788b91e"
        }
      },
      {
        "__type__": "cc.Button",
        "node": {
          "__id__": 44
        },
        "transition": 1,
        "pressedColor": {
          "__type__": "cc.Color",
          "r": 248,
          "g": 248,
          "b": 248
        },
        "duration": 0.15,
        "_N$normalColor": {
          "__type__": "cc.Color",
          "r": 255,
          "g": 255,
          "b": 255
        },
        "_N$disabledColor": {
          "__type__": "cc.Color",
          "r": 255,
          "g": 255,
          "b": 255
        },
        "_N$target": {
          "__id__": 44
        }
      },
      {
        "__type__": "a171dSnCXFMRIqs1IWdvgWM",
        "node": {
          "__id__": 44
        },
        "pressedScale": 0.8,
        "transDuration": 0.1
      }
    ]
  },
  {
    "__type__": "cc.Node",
    "_name": "chat",
    "_parent": {
      "__id__": 44
    },
    "_contentSize": {
      "__type__": "cc.Size",
      "width": 200,
      "height": 50
    },
    "_components": [
      {
        "__type__": "cc.Label",
        "node": {
          "__id__": 45
        },
        "_useOriginalSize": false,
        "_fontSize": 30,
        "_N$string": "发起聊天",
        "_N$horizontalAlign": 1,
        "_N$verticalAlign": 1
      }
    ]
  },
  {
    "__type__": "cc.Node",
    "_name": "charisma",
    "_parent": {
      "__id__": 37
    },
    "_contentSize": {
      "__type__": "cc.Size",
      "width": 54,
      "height": 50
    },
    "_children": [
      {
        "__id__": 47
      }
    ],
    "_position": {
      "__type__": "cc.Vec2",
      "x": -296,
      "y": -67
    },
    "_components": [
      {
        "__type__": "cc.Sprite",
        "node": {
          "__id__": 46
        },
        "_spriteFrame": {
          "__uuid__": "16189c68-10cc-43d0-a6c0-91ebb2a29917"
        }
      }
    ]
  },
  {
    "__type__": "cc.Node",
    "_name": "number",
    "_color": {
      "__type__": "cc.Color",
      "r": 250,
      "g": 158,
      "b": 158
    },
    "_parent": {
      "__id__": 46
    },
    "_anchorPoint": {
      "__type__": "cc.Vec2",
      "y": 0.5
    },
    "_contentSize": {
      "__type__": "cc.Size",
      "width": 160,
      "height": 50
    },
    "_position": {
      "__type__": "cc.Vec2",
      "x": 37
    },
    "_components": [
      {
        "__type__": "cc.Label",
        "node": {
          "__id__": 47
        },
        "_useOriginalSize": false,
        "_fontSize": 25,
        "_N$string": "魅力值: 150",
        "_N$verticalAlign": 1
      }
    ]
  },
  {
    "__type__": "cc.Node",
    "_name": "gold",
    "_parent": {
      "__id__": 37
    },
    "_contentSize": {
      "__type__": "cc.Size",
      "width": 59,
      "height": 55
    },
    "_children": [
      {
        "__id__": 49
      }
    ],
    "_position": {
      "__type__": "cc.Vec2",
      "x": -76,
      "y": -67
    },
    "_components": [
      {
        "__type__": "cc.Sprite",
        "node": {
          "__id__": 48
        },
        "_spriteFrame": {
          "__uuid__": "45d0f893-f7b7-4c84-8bd9-dd6409ec6de9"
        }
      }
    ]
  },
  {
    "__type__": "cc.Node",
    "_name": "number",
    "_color": {
      "__type__": "cc.Color",
      "r": 248,
      "g": 212,
      "b": 24
    },
    "_parent": {
      "__id__": 48
    },
    "_anchorPoint": {
      "__type__": "cc.Vec2",
      "y": 0.5
    },
    "_contentSize": {
      "__type__": "cc.Size",
      "width": 160,
      "height": 50
    },
    "_position": {
      "__type__": "cc.Vec2",
      "x": 37
    },
    "_components": [
      {
        "__type__": "cc.Label",
        "node": {
          "__id__": 49
        },
        "_useOriginalSize": false,
        "_fontSize": 25,
        "_N$string": "金币: 9899",
        "_N$verticalAlign": 1
      }
    ]
  },
  {
    "__type__": "cc.Node",
    "_name": "winRate",
    "_parent": {
      "__id__": 37
    },
    "_contentSize": {
      "__type__": "cc.Size",
      "width": 52,
      "height": 55
    },
    "_children": [
      {
        "__id__": 51
      }
    ],
    "_position": {
      "__type__": "cc.Vec2",
      "x": 128,
      "y": -67
    },
    "_components": [
      {
        "__type__": "cc.Sprite",
        "node": {
          "__id__": 50
        },
        "_spriteFrame": {
          "__uuid__": "92558dd6-9589-48d1-a26e-7673ceb3591a"
        }
      }
    ]
  },
  {
    "__type__": "cc.Node",
    "_name": "number",
    "_color": {
      "__type__": "cc.Color",
      "r": 218,
      "g": 137,
      "b": 16
    },
    "_parent": {
      "__id__": 50
    },
    "_anchorPoint": {
      "__type__": "cc.Vec2",
      "y": 0.5
    },
    "_contentSize": {
      "__type__": "cc.Size",
      "width": 160,
      "height": 50
    },
    "_position": {
      "__type__": "cc.Vec2",
      "x": 37
    },
    "_components": [
      {
        "__type__": "cc.Label",
        "node": {
          "__id__": 51
        },
        "_useOriginalSize": false,
        "_fontSize": 25,
        "_N$string": "胜率: 69%",
        "_N$verticalAlign": 1
      }
    ]
  },
  {
    "__type__": "cc.Node",
    "_name": "giftList",
    "_color": {
      "__type__": "cc.Color",
      "r": 184,
      "g": 184,
      "b": 184
    },
    "_parent": {
      "__id__": 36
    },
    "_contentSize": {
      "__type__": "cc.Size",
      "width": 740,
      "height": 250
    },
    "_children": [
      {
        "__id__": 53
      },
      {
        "__id__": 73
      }
    ],
    "_position": {
      "__type__": "cc.Vec2",
      "y": -112
    },
    "_components": [
      {
        "__type__": "cc.ScrollView",
        "node": {
          "__id__": 52
        },
        "content": {
          "__id__": 54
        },
        "vertical": false,
        "brake": 0.75,
        "bounceDuration": 0.23,
        "_N$horizontalScrollBar": null,
        "_N$verticalScrollBar": null
      }
    ]
  },
  {
    "__type__": "cc.Node",
    "_name": "view",
    "_parent": {
      "__id__": 52
    },
    "_contentSize": {
      "__type__": "cc.Size",
      "width": 740,
      "height": 250
    },
    "_children": [
      {
        "__id__": 54
      }
    ],
    "_components": [
      {
        "__type__": "cc.Mask",
        "node": {
          "__id__": 53
        }
      },
      {
        "__type__": "cc.Widget",
        "node": {
          "__id__": 53
        },
        "_alignFlags": 45,
        "_originalWidth": 240,
        "_originalHeight": 250
      }
    ]
  },
  {
    "__type__": "cc.Node",
    "_name": "content",
    "_parent": {
      "__id__": 53
    },
    "_anchorPoint": {
      "__type__": "cc.Vec2",
      "y": 0.5
    },
    "_contentSize": {
      "__type__": "cc.Size",
      "width": 838,
      "height": 210
    },
    "_children": [
      {
        "__id__": 55
      },
      {
        "__id__": 58
      },
      {
        "__id__": 61
      },
      {
        "__id__": 64
      },
      {
        "__id__": 67
      },
      {
        "__id__": 70
      }
    ],
    "_position": {
      "__type__": "cc.Vec2",
      "x": -340.5391891891892
    },
    "_components": [
      {
        "__type__": "cc.Layout",
        "node": {
          "__id__": 54
        },
        "_layoutSize": {
          "__type__": "cc.Size",
          "width": 838,
          "height": 210
        },
        "_N$layoutType": 1,
        "_N$spacingX": 20
      },
      {
        "__type__": "cc.Widget",
        "node": {
          "__id__": 54
        },
        "_alignFlags": 5,
        "_left": 29.460810810810806,
        "_top": 20,
        "_bottom": 20,
        "_originalHeight": 200
      }
    ]
  },
  {
    "__type__": "cc.Node",
    "_name": "btnTomato",
    "_parent": {
      "__id__": 54
    },
    "_contentSize": {
      "__type__": "cc.Size",
      "width": 113,
      "height": 112
    },
    "_children": [
      {
        "__id__": 56
      },
      {
        "__id__": 57
      }
    ],
    "_position": {
      "__type__": "cc.Vec2",
      "x": 86.5,
      "y": -11
    },
    "_components": [
      {
        "__type__": "cc.Sprite",
        "node": {
          "__id__": 55
        },
        "_spriteFrame": {
          "__uuid__": "9d5dbf86-8b1a-4324-9247-3cd71ba4b4ed"
        }
      }
    ]
  },
  {
    "__type__": "cc.Node",
    "_name": "icon",
    "_parent": {
      "__id__": 55
    },
    "_contentSize": {
      "__type__": "cc.Size",
      "width": 80,
      "height": 77
    },
    "_position": {
      "__type__": "cc.Vec2",
      "x": 8
    },
    "_components": [
      {
        "__type__": "cc.Sprite",
        "node": {
          "__id__": 56
        },
        "_spriteFrame": {
          "__uuid__": "f2358c8d-2743-4f35-ad99-e3a8966334b2"
        }
      }
    ]
  },
  {
    "__type__": "cc.Node",
    "_name": "price",
    "_parent": {
      "__id__": 55
    },
    "_contentSize": {
      "__type__": "cc.Size",
      "width": 128,
      "height": 50
    },
    "_position": {
      "__type__": "cc.Vec2",
      "x": -3,
      "y": -75
    },
    "_components": [
      {
        "__type__": "cc.Label",
        "node": {
          "__id__": 57
        },
        "_useOriginalSize": false,
        "_fontSize": 22,
        "_N$string": "50钻石",
        "_N$horizontalAlign": 1,
        "_N$verticalAlign": 1
      }
    ]
  },
  {
    "__type__": "cc.Node",
    "_name": "btnRose",
    "_parent": {
      "__id__": 54
    },
    "_contentSize": {
      "__type__": "cc.Size",
      "width": 113,
      "height": 112
    },
    "_children": [
      {
        "__id__": 59
      },
      {
        "__id__": 60
      }
    ],
    "_position": {
      "__type__": "cc.Vec2",
      "x": 219.5,
      "y": -11
    },
    "_components": [
      {
        "__type__": "cc.Sprite",
        "node": {
          "__id__": 58
        },
        "_spriteFrame": {
          "__uuid__": "9d5dbf86-8b1a-4324-9247-3cd71ba4b4ed"
        }
      }
    ]
  },
  {
    "__type__": "cc.Node",
    "_name": "icon",
    "_parent": {
      "__id__": 58
    },
    "_contentSize": {
      "__type__": "cc.Size",
      "width": 87,
      "height": 86
    },
    "_position": {
      "__type__": "cc.Vec2",
      "x": -6
    },
    "_components": [
      {
        "__type__": "cc.Sprite",
        "node": {
          "__id__": 59
        },
        "_spriteFrame": {
          "__uuid__": "06de80f3-cbe8-47d0-8128-ffc63bb0f074"
        }
      }
    ]
  },
  {
    "__type__": "cc.Node",
    "_name": "price",
    "_parent": {
      "__id__": 58
    },
    "_contentSize": {
      "__type__": "cc.Size",
      "width": 128,
      "height": 50
    },
    "_position": {
      "__type__": "cc.Vec2",
      "x": -3,
      "y": -75
    },
    "_components": [
      {
        "__type__": "cc.Label",
        "node": {
          "__id__": 60
        },
        "_useOriginalSize": false,
        "_fontSize": 22,
        "_N$string": "50钻石",
        "_N$horizontalAlign": 1,
        "_N$verticalAlign": 1
      }
    ]
  },
  {
    "__type__": "cc.Node",
    "_name": "btnGhost",
    "_parent": {
      "__id__": 54
    },
    "_contentSize": {
      "__type__": "cc.Size",
      "width": 113,
      "height": 112
    },
    "_children": [
      {
        "__id__": 62
      },
      {
        "__id__": 63
      }
    ],
    "_position": {
      "__type__": "cc.Vec2",
      "x": 352.5,
      "y": -11
    },
    "_components": [
      {
        "__type__": "cc.Sprite",
        "node": {
          "__id__": 61
        },
        "_spriteFrame": {
          "__uuid__": "9d5dbf86-8b1a-4324-9247-3cd71ba4b4ed"
        }
      }
    ]
  },
  {
    "__type__": "cc.Node",
    "_name": "icon",
    "_parent": {
      "__id__": 61
    },
    "_contentSize": {
      "__type__": "cc.Size",
      "width": 82,
      "height": 90
    },
    "_position": {
      "__type__": "cc.Vec2",
      "x": 4
    },
    "_components": [
      {
        "__type__": "cc.Sprite",
        "node": {
          "__id__": 62
        },
        "_spriteFrame": {
          "__uuid__": "f43ce0ab-058c-412d-af60-77d0834caf29"
        }
      }
    ]
  },
  {
    "__type__": "cc.Node",
    "_name": "price",
    "_parent": {
      "__id__": 61
    },
    "_contentSize": {
      "__type__": "cc.Size",
      "width": 128,
      "height": 50
    },
    "_position": {
      "__type__": "cc.Vec2",
      "x": -3,
      "y": -75
    },
    "_components": [
      {
        "__type__": "cc.Label",
        "node": {
          "__id__": 63
        },
        "_useOriginalSize": false,
        "_fontSize": 22,
        "_N$string": "50钻石",
        "_N$horizontalAlign": 1,
        "_N$verticalAlign": 1
      }
    ]
  },
  {
    "__type__": "cc.Node",
    "_name": "btnKiss",
    "_parent": {
      "__id__": 54
    },
    "_contentSize": {
      "__type__": "cc.Size",
      "width": 113,
      "height": 112
    },
    "_children": [
      {
        "__id__": 65
      },
      {
        "__id__": 66
      }
    ],
    "_position": {
      "__type__": "cc.Vec2",
      "x": 485.5,
      "y": -11
    },
    "_components": [
      {
        "__type__": "cc.Sprite",
        "node": {
          "__id__": 64
        },
        "_spriteFrame": {
          "__uuid__": "9d5dbf86-8b1a-4324-9247-3cd71ba4b4ed"
        }
      }
    ]
  },
  {
    "__type__": "cc.Node",
    "_name": "icon",
    "_parent": {
      "__id__": 64
    },
    "_contentSize": {
      "__type__": "cc.Size",
      "width": 77,
      "height": 85
    },
    "_position": {
      "__type__": "cc.Vec2",
      "x": 4
    },
    "_components": [
      {
        "__type__": "cc.Sprite",
        "node": {
          "__id__": 65
        },
        "_spriteFrame": {
          "__uuid__": "65ddcba7-1bd3-41aa-b642-5785fc4d5344"
        }
      }
    ]
  },
  {
    "__type__": "cc.Node",
    "_name": "price",
    "_parent": {
      "__id__": 64
    },
    "_contentSize": {
      "__type__": "cc.Size",
      "width": 128,
      "height": 50
    },
    "_position": {
      "__type__": "cc.Vec2",
      "x": -3,
      "y": -75
    },
    "_components": [
      {
        "__type__": "cc.Label",
        "node": {
          "__id__": 66
        },
        "_useOriginalSize": false,
        "_fontSize": 22,
        "_N$string": "50钻石",
        "_N$horizontalAlign": 1,
        "_N$verticalAlign": 1
      }
    ]
  },
  {
    "__type__": "cc.Node",
    "_name": "btnBucket",
    "_parent": {
      "__id__": 54
    },
    "_contentSize": {
      "__type__": "cc.Size",
      "width": 113,
      "height": 112
    },
    "_children": [
      {
        "__id__": 68
      },
      {
        "__id__": 69
      }
    ],
    "_position": {
      "__type__": "cc.Vec2",
      "x": 618.5,
      "y": -11
    },
    "_components": [
      {
        "__type__": "cc.Sprite",
        "node": {
          "__id__": 67
        },
        "_spriteFrame": {
          "__uuid__": "9d5dbf86-8b1a-4324-9247-3cd71ba4b4ed"
        }
      }
    ]
  },
  {
    "__type__": "cc.Node",
    "_name": "icon",
    "_parent": {
      "__id__": 67
    },
    "_contentSize": {
      "__type__": "cc.Size",
      "width": 64,
      "height": 72
    },
    "_position": {
      "__type__": "cc.Vec2",
      "x": 4
    },
    "_components": [
      {
        "__type__": "cc.Sprite",
        "node": {
          "__id__": 68
        },
        "_spriteFrame": {
          "__uuid__": "fe8db373-f328-42b5-84cb-70407deaf581"
        }
      }
    ]
  },
  {
    "__type__": "cc.Node",
    "_name": "price",
    "_parent": {
      "__id__": 67
    },
    "_contentSize": {
      "__type__": "cc.Size",
      "width": 128,
      "height": 50
    },
    "_position": {
      "__type__": "cc.Vec2",
      "x": -3,
      "y": -75
    },
    "_components": [
      {
        "__type__": "cc.Label",
        "node": {
          "__id__": 69
        },
        "_useOriginalSize": false,
        "_fontSize": 22,
        "_N$string": "50钻石",
        "_N$horizontalAlign": 1,
        "_N$verticalAlign": 1
      }
    ]
  },
  {
    "__type__": "cc.Node",
    "_name": "btnDiamond",
    "_parent": {
      "__id__": 54
    },
    "_contentSize": {
      "__type__": "cc.Size",
      "width": 113,
      "height": 112
    },
    "_children": [
      {
        "__id__": 71
      },
      {
        "__id__": 72
      }
    ],
    "_position": {
      "__type__": "cc.Vec2",
      "x": 751.5,
      "y": -11
    },
    "_components": [
      {
        "__type__": "cc.Sprite",
        "node": {
          "__id__": 70
        },
        "_spriteFrame": {
          "__uuid__": "9d5dbf86-8b1a-4324-9247-3cd71ba4b4ed"
        }
      }
    ]
  },
  {
    "__type__": "cc.Node",
    "_name": "icon",
    "_parent": {
      "__id__": 70
    },
    "_contentSize": {
      "__type__": "cc.Size",
      "width": 60,
      "height": 56
    },
    "_position": {
      "__type__": "cc.Vec2",
      "x": 4
    },
    "_components": [
      {
        "__type__": "cc.Sprite",
        "node": {
          "__id__": 71
        },
        "_spriteFrame": {
          "__uuid__": "5a7ed901-bdc1-4823-8b0d-d2db8d4506ea"
        }
      }
    ]
  },
  {
    "__type__": "cc.Node",
    "_name": "price",
    "_parent": {
      "__id__": 70
    },
    "_contentSize": {
      "__type__": "cc.Size",
      "width": 128,
      "height": 50
    },
    "_position": {
      "__type__": "cc.Vec2",
      "x": -3,
      "y": -75
    },
    "_components": [
      {
        "__type__": "cc.Label",
        "node": {
          "__id__": 72
        },
        "_useOriginalSize": false,
        "_fontSize": 22,
        "_N$string": "50钻石",
        "_N$horizontalAlign": 1,
        "_N$verticalAlign": 1
      }
    ]
  },
  {
    "__type__": "cc.Node",
    "_name": "title",
    "_parent": {
      "__id__": 52
    },
    "_contentSize": {
      "__type__": "cc.Size",
      "width": 200,
      "height": 50
    },
    "_position": {
      "__type__": "cc.Vec2",
      "x": -240,
      "y": 90
    },
    "_components": [
      {
        "__type__": "cc.Label",
        "node": {
          "__id__": 73
        },
        "_useOriginalSize": false,
        "_fontSize": 30,
        "_N$string": "赠送礼物",
        "_N$verticalAlign": 1
      }
    ]
  },
  {
    "__type__": "cc.Node",
    "_name": "BetStateUI",
    "_parent": {
      "__id__": 25
    },
    "_contentSize": {
      "__type__": "cc.Size",
      "width": 1334,
      "height": 750
    },
    "_children": [
      {
        "__id__": 75
      },
      {
        "__id__": 87
      },
      {
        "__id__": 91
      }
    ],
    "_components": [
      {
        "__type__": "cc.Widget",
        "node": {
          "__id__": 74
        },
        "_alignFlags": 45,
        "_originalWidth": 1335,
        "_originalHeight": 750
      }
    ]
  },
  {
    "__type__": "cc.Node",
    "_name": "BetUI",
    "_parent": {
      "__id__": 74
    },
    "_anchorPoint": {
      "__type__": "cc.Vec2",
      "x": 1
    },
    "_contentSize": {
      "__type__": "cc.Size",
      "width": 141,
      "height": 103
    },
    "_children": [
      {
        "__id__": 76
      },
      {
        "__id__": 77
      },
      {
        "__id__": 79
      },
      {
        "__id__": 81
      },
      {
        "__id__": 83
      },
      {
        "__id__": 85
      }
    ],
    "_position": {
      "__type__": "cc.Vec2",
      "x": 667,
      "y": -375
    },
    "_components": [
      {
        "__type__": "cc.Sprite",
        "node": {
          "__id__": 75
        },
        "_spriteFrame": {
          "__uuid__": "efe38028-6772-4b97-935c-1e941403af02"
        },
        "_type": 1
      },
      {
        "__type__": "cc.Widget",
        "node": {
          "__id__": 75
        },
        "_alignFlags": 36
      }
    ]
  },
  {
    "__type__": "cc.Node",
    "_name": "btnBet",
    "_parent": {
      "__id__": 75
    },
    "_contentSize": {
      "__type__": "cc.Size",
      "width": 230,
      "height": 218
    },
    "_position": {
      "__type__": "cc.Vec2",
      "x": -76,
      "y": 70
    },
    "_components": [
      {
        "__type__": "cc.Sprite",
        "node": {
          "__id__": 76
        },
        "_spriteFrame": {
          "__uuid__": "e402984e-0e8f-4470-9f8e-d7eaa92544d1"
        }
      },
      {
        "__type__": "cc.Button",
        "node": {
          "__id__": 76
        },
        "pressedColor": {
          "__type__": "cc.Color",
          "r": 255,
          "g": 255,
          "b": 255
        },
        "clickEvents": [
          {
            "__type__": "cc.ClickEvent",
            "target": {
              "__id__": 29
            },
            "component": "Game",
            "handler": "deal"
          }
        ],
        "_N$normalColor": {
          "__type__": "cc.Color",
          "r": 255,
          "g": 255,
          "b": 255
        },
        "_N$disabledColor": {
          "__type__": "cc.Color",
          "r": 255,
          "g": 255,
          "b": 255
        },
        "_N$target": {
          "__id__": 76
        }
      },
      {
        "__type__": "a171dSnCXFMRIqs1IWdvgWM",
        "node": {
          "__id__": 76
        },
        "pressedScale": 0.8,
        "transDuration": 0.1
      }
    ]
  },
  {
    "__type__": "cc.Node",
    "_name": "btnReset",
    "_parent": {
      "__id__": 75
    },
    "_contentSize": {
      "__type__": "cc.Size",
      "width": 89,
      "height": 93
    },
    "_position": {
      "__type__": "cc.Vec2",
      "x": -560,
      "y": 50
    },
    "_components": [
      {
        "__type__": "cc.Sprite",
        "node": {
          "__id__": 77
        },
        "_spriteFrame": {
          "__uuid__": "3b0d303c-d928-4420-b8d8-a7234260ca04"
        }
      },
      {
        "__type__": "cc.Button",
        "node": {
          "__id__": 77
        },
        "pressedColor": {
          "__type__": "cc.Color",
          "r": 255,
          "g": 255,
          "b": 255
        },
        "clickEvents": [
          {
            "__type__": "cc.ClickEvent",
            "target": {
              "__id__": 78
            },
            "component": "Bet",
            "handler": "resetChips"
          }
        ],
        "_N$normalColor": {
          "__type__": "cc.Color",
          "r": 255,
          "g": 255,
          "b": 255
        },
        "_N$disabledColor": {
          "__type__": "cc.Color",
          "r": 255,
          "g": 255,
          "b": 255
        },
        "_N$target": {
          "__id__": 77
        }
      },
      {
        "__type__": "a171dSnCXFMRIqs1IWdvgWM",
        "node": {
          "__id__": 77
        },
        "pressedScale": 0.8,
        "transDuration": 0.1
      }
    ]
  },
  {
    "__type__": "cc.Node",
    "_name": "Bet",
    "_parent": {
      "__id__": 29
    },
    "_components": [
      {
        "__type__": "28f38yToT1Pw7NgyeCvRxDC",
        "node": {
          "__id__": 78
        },
        "chipPrefab": {
          "__uuid__": "84f185f7-d55f-41f6-9aa6-8675392b6567"
        },
        "btnChips": [
          {
            "__id__": 79
          },
          {
            "__id__": 81
          },
          {
            "__id__": 83
          },
          {
            "__id__": 85
          }
        ],
        "chipValues": [
          1000,
          2000,
          5000,
          10000
        ],
        "anchorChipToss": {
          "__id__": 26
        }
      }
    ]
  },
  {
    "__type__": "cc.Node",
    "_name": "btnChip0",
    "_parent": {
      "__id__": 75
    },
    "_contentSize": {
      "__type__": "cc.Size",
      "width": 83,
      "height": 82
    },
    "_children": [
      {
        "__id__": 80
      }
    ],
    "_position": {
      "__type__": "cc.Vec2",
      "x": -200,
      "y": 51
    },
    "_components": [
      {
        "__type__": "cc.Sprite",
        "node": {
          "__id__": 79
        },
        "_spriteFrame": {
          "__uuid__": "fa40a424-704a-43c2-97ac-fea4ece3b48e"
        }
      },
      {
        "__type__": "a171dSnCXFMRIqs1IWdvgWM",
        "node": {
          "__id__": 79
        },
        "pressedScale": 0.8,
        "transDuration": 0.1
      },
      {
        "__type__": "cc.Button",
        "node": {
          "__id__": 79
        },
        "pressedColor": {
          "__type__": "cc.Color",
          "r": 255,
          "g": 255,
          "b": 255
        },
        "_N$normalColor": {
          "__type__": "cc.Color",
          "r": 255,
          "g": 255,
          "b": 255
        },
        "_N$disabledColor": {
          "__type__": "cc.Color",
          "r": 255,
          "g": 255,
          "b": 255
        },
        "_N$target": {
          "__id__": 79
        }
      }
    ]
  },
  {
    "__type__": "cc.Node",
    "_name": "1K",
    "_parent": {
      "__id__": 79
    },
    "_contentSize": {
      "__type__": "cc.Size",
      "width": 36,
      "height": 30
    },
    "_components": [
      {
        "__type__": "cc.Sprite",
        "node": {
          "__id__": 80
        },
        "_spriteFrame": {
          "__uuid__": "1bcf1895-5f48-44ac-8b93-9c9116f75f68"
        }
      }
    ]
  },
  {
    "__type__": "cc.Node",
    "_name": "btnChip1",
    "_parent": {
      "__id__": 75
    },
    "_contentSize": {
      "__type__": "cc.Size",
      "width": 83,
      "height": 82
    },
    "_children": [
      {
        "__id__": 82
      }
    ],
    "_position": {
      "__type__": "cc.Vec2",
      "x": -290,
      "y": 51
    },
    "_components": [
      {
        "__type__": "cc.Sprite",
        "node": {
          "__id__": 81
        },
        "_spriteFrame": {
          "__uuid__": "fa40a424-704a-43c2-97ac-fea4ece3b48e"
        }
      },
      {
        "__type__": "a171dSnCXFMRIqs1IWdvgWM",
        "node": {
          "__id__": 81
        },
        "pressedScale": 0.8,
        "transDuration": 0.1
      },
      {
        "__type__": "cc.Button",
        "node": {
          "__id__": 81
        },
        "pressedColor": {
          "__type__": "cc.Color",
          "r": 255,
          "g": 255,
          "b": 255
        },
        "_N$normalColor": {
          "__type__": "cc.Color",
          "r": 255,
          "g": 255,
          "b": 255
        },
        "_N$disabledColor": {
          "__type__": "cc.Color",
          "r": 255,
          "g": 255,
          "b": 255
        },
        "_N$target": {
          "__id__": 81
        }
      }
    ]
  },
  {
    "__type__": "cc.Node",
    "_name": "1K",
    "_parent": {
      "__id__": 81
    },
    "_contentSize": {
      "__type__": "cc.Size",
      "width": 39,
      "height": 30
    },
    "_components": [
      {
        "__type__": "cc.Sprite",
        "node": {
          "__id__": 82
        },
        "_spriteFrame": {
          "__uuid__": "0b00893b-1d86-4e2c-ab51-85a20a15633f"
        }
      }
    ]
  },
  {
    "__type__": "cc.Node",
    "_name": "btnChip2",
    "_parent": {
      "__id__": 75
    },
    "_contentSize": {
      "__type__": "cc.Size",
      "width": 83,
      "height": 82
    },
    "_children": [
      {
        "__id__": 84
      }
    ],
    "_position": {
      "__type__": "cc.Vec2",
      "x": -380,
      "y": 51
    },
    "_components": [
      {
        "__type__": "cc.Sprite",
        "node": {
          "__id__": 83
        },
        "_spriteFrame": {
          "__uuid__": "fa40a424-704a-43c2-97ac-fea4ece3b48e"
        }
      },
      {
        "__type__": "a171dSnCXFMRIqs1IWdvgWM",
        "node": {
          "__id__": 83
        },
        "pressedScale": 0.8,
        "transDuration": 0.1
      },
      {
        "__type__": "cc.Button",
        "node": {
          "__id__": 83
        },
        "pressedColor": {
          "__type__": "cc.Color",
          "r": 255,
          "g": 255,
          "b": 255
        },
        "_N$normalColor": {
          "__type__": "cc.Color",
          "r": 255,
          "g": 255,
          "b": 255
        },
        "_N$disabledColor": {
          "__type__": "cc.Color",
          "r": 255,
          "g": 255,
          "b": 255
        },
        "_N$target": {
          "__id__": 83
        }
      }
    ]
  },
  {
    "__type__": "cc.Node",
    "_name": "1K",
    "_parent": {
      "__id__": 83
    },
    "_contentSize": {
      "__type__": "cc.Size",
      "width": 38,
      "height": 30
    },
    "_components": [
      {
        "__type__": "cc.Sprite",
        "node": {
          "__id__": 84
        },
        "_spriteFrame": {
          "__uuid__": "35aec5a8-00b6-4d8d-8508-a48cf89a536d"
        }
      }
    ]
  },
  {
    "__type__": "cc.Node",
    "_name": "btnChip3",
    "_parent": {
      "__id__": 75
    },
    "_contentSize": {
      "__type__": "cc.Size",
      "width": 83,
      "height": 82
    },
    "_children": [
      {
        "__id__": 86
      }
    ],
    "_position": {
      "__type__": "cc.Vec2",
      "x": -470,
      "y": 51
    },
    "_components": [
      {
        "__type__": "cc.Sprite",
        "node": {
          "__id__": 85
        },
        "_spriteFrame": {
          "__uuid__": "fa40a424-704a-43c2-97ac-fea4ece3b48e"
        }
      },
      {
        "__type__": "a171dSnCXFMRIqs1IWdvgWM",
        "node": {
          "__id__": 85
        },
        "pressedScale": 0.8,
        "transDuration": 0.1
      },
      {
        "__type__": "cc.Button",
        "node": {
          "__id__": 85
        },
        "pressedColor": {
          "__type__": "cc.Color",
          "r": 255,
          "g": 255,
          "b": 255
        },
        "_N$normalColor": {
          "__type__": "cc.Color",
          "r": 255,
          "g": 255,
          "b": 255
        },
        "_N$disabledColor": {
          "__type__": "cc.Color",
          "r": 255,
          "g": 255,
          "b": 255
        },
        "_N$target": {
          "__id__": 85
        }
      }
    ]
  },
  {
    "__type__": "cc.Node",
    "_name": "1K",
    "_parent": {
      "__id__": 85
    },
    "_contentSize": {
      "__type__": "cc.Size",
      "width": 48,
      "height": 30
    },
    "_components": [
      {
        "__type__": "cc.Sprite",
        "node": {
          "__id__": 86
        },
        "_spriteFrame": {
          "__uuid__": "d63bb950-68fd-447d-a891-ede59ab23abc"
        }
      }
    ]
  },
  {
    "__type__": "cc.Node",
    "_name": "btnDiamond",
    "_parent": {
      "__id__": 74
    },
    "_contentSize": {
      "__type__": "cc.Size",
      "width": 59,
      "height": 42
    },
    "_children": [
      {
        "__id__": 88
      },
      {
        "__id__": 89
      },
      {
        "__id__": 90
      }
    ],
    "_position": {
      "__type__": "cc.Vec2",
      "x": -587.5528485757121,
      "y": -323
    },
    "_components": [
      {
        "__type__": "cc.Sprite",
        "node": {
          "__id__": 87
        },
        "_spriteFrame": {
          "__uuid__": "d1933017-c845-492d-aa72-bf71d7b48726"
        },
        "_type": 1
      },
      {
        "__type__": "cc.Widget",
        "node": {
          "__id__": 87
        },
        "_alignFlags": 8,
        "_left": 49.94715142428785,
        "_bottom": 20
      },
      {
        "__type__": "a171dSnCXFMRIqs1IWdvgWM",
        "node": {
          "__id__": 87
        },
        "pressedScale": 0.8,
        "transDuration": 0.1
      },
      {
        "__type__": "cc.Button",
        "node": {
          "__id__": 87
        },
        "pressedColor": {
          "__type__": "cc.Color",
          "r": 255,
          "g": 255,
          "b": 255
        },
        "_N$normalColor": {
          "__type__": "cc.Color",
          "r": 255,
          "g": 255,
          "b": 255
        },
        "_N$disabledColor": {
          "__type__": "cc.Color",
          "r": 255,
          "g": 255,
          "b": 255
        },
        "_N$target": {
          "__id__": 87
        }
      }
    ]
  },
  {
    "__type__": "cc.Node",
    "_name": "icon_gold_big",
    "_parent": {
      "__id__": 87
    },
    "_contentSize": {
      "__type__": "cc.Size",
      "width": 61,
      "height": 56
    },
    "_position": {
      "__type__": "cc.Vec2",
      "x": -91
    },
    "_components": [
      {
        "__type__": "cc.Sprite",
        "node": {
          "__id__": 88
        },
        "_spriteFrame": {
          "__uuid__": "5a7ed901-bdc1-4823-8b0d-d2db8d4506ea"
        }
      }
    ]
  },
  {
    "__type__": "cc.Node",
    "_name": "icon_plus",
    "_parent": {
      "__id__": 87
    },
    "_contentSize": {
      "__type__": "cc.Size",
      "width": 30,
      "height": 30
    },
    "_position": {
      "__type__": "cc.Vec2",
      "x": 68
    },
    "_components": [
      {
        "__type__": "cc.Sprite",
        "node": {
          "__id__": 89
        },
        "_spriteFrame": {
          "__uuid__": "5717c77c-65de-4232-9714-b0c663df738d"
        }
      }
    ]
  },
  {
    "__type__": "cc.Node",
    "_name": "number",
    "_parent": {
      "__id__": 87
    },
    "_contentSize": {
      "__type__": "cc.Size",
      "width": 13.9,
      "height": 40
    },
    "_position": {
      "__type__": "cc.Vec2",
      "x": -4
    },
    "_components": [
      {
        "__type__": "cc.Label",
        "node": {
          "__id__": 90
        },
        "_useOriginalSize": false,
        "_fontSize": 25,
        "_N$string": "0",
        "_N$horizontalAlign": 1,
        "_N$verticalAlign": 1
      }
    ]
  },
  {
    "__type__": "cc.Node",
    "_name": "btnGold",
    "_parent": {
      "__id__": 74
    },
    "_contentSize": {
      "__type__": "cc.Size",
      "width": 59,
      "height": 42
    },
    "_children": [
      {
        "__id__": 92
      },
      {
        "__id__": 93
      },
      {
        "__id__": 94
      }
    ],
    "_position": {
      "__type__": "cc.Vec2",
      "x": -587.5528485757121,
      "y": -250
    },
    "_components": [
      {
        "__type__": "cc.Sprite",
        "node": {
          "__id__": 91
        },
        "_spriteFrame": {
          "__uuid__": "d1933017-c845-492d-aa72-bf71d7b48726"
        },
        "_type": 1
      },
      {
        "__type__": "cc.Widget",
        "node": {
          "__id__": 91
        },
        "_alignFlags": 8,
        "_left": 49.94715142428785,
        "_bottom": 20
      },
      {
        "__type__": "a171dSnCXFMRIqs1IWdvgWM",
        "node": {
          "__id__": 91
        },
        "pressedScale": 0.8,
        "transDuration": 0.1
      },
      {
        "__type__": "cc.Button",
        "node": {
          "__id__": 91
        },
        "pressedColor": {
          "__type__": "cc.Color",
          "r": 255,
          "g": 255,
          "b": 255
        },
        "_N$normalColor": {
          "__type__": "cc.Color",
          "r": 255,
          "g": 255,
          "b": 255
        },
        "_N$disabledColor": {
          "__type__": "cc.Color",
          "r": 255,
          "g": 255,
          "b": 255
        },
        "_N$target": {
          "__id__": 91
        }
      }
    ]
  },
  {
    "__type__": "cc.Node",
    "_name": "icon_gold_big",
    "_parent": {
      "__id__": 91
    },
    "_contentSize": {
      "__type__": "cc.Size",
      "width": 60,
      "height": 56
    },
    "_position": {
      "__type__": "cc.Vec2",
      "x": -91
    },
    "_components": [
      {
        "__type__": "cc.Sprite",
        "node": {
          "__id__": 92
        },
        "_spriteFrame": {
          "__uuid__": "45d0f893-f7b7-4c84-8bd9-dd6409ec6de9"
        }
      }
    ]
  },
  {
    "__type__": "cc.Node",
    "_name": "icon_plus",
    "_parent": {
      "__id__": 91
    },
    "_contentSize": {
      "__type__": "cc.Size",
      "width": 30,
      "height": 30
    },
    "_position": {
      "__type__": "cc.Vec2",
      "x": 68
    },
    "_components": [
      {
        "__type__": "cc.Sprite",
        "node": {
          "__id__": 93
        },
        "_spriteFrame": {
          "__uuid__": "5717c77c-65de-4232-9714-b0c663df738d"
        }
      }
    ]
  },
  {
    "__type__": "cc.Node",
    "_name": "number",
    "_parent": {
      "__id__": 91
    },
    "_contentSize": {
      "__type__": "cc.Size",
      "width": 97.33,
      "height": 40
    },
    "_position": {
      "__type__": "cc.Vec2",
      "x": -4
    },
    "_components": [
      {
        "__id__": 95
      }
    ]
  },
  {
    "__type__": "cc.Label",
    "node": {
      "__id__": 94
    },
    "_useOriginalSize": false,
    "_fontSize": 25,
    "_N$string": "9999999",
    "_N$horizontalAlign": 1,
    "_N$verticalAlign": 1
  },
  {
    "__type__": "cc.Node",
    "_name": "GameStateUI",
    "_parent": {
      "__id__": 25
    },
    "_contentSize": {
      "__type__": "cc.Size",
      "width": 1334,
      "height": 750
    },
    "_children": [
      {
        "__id__": 97
      },
      {
        "__id__": 99
      },
      {
        "__id__": 101
      },
      {
        "__id__": 103
      }
    ],
    "_active": false,
    "_components": [
      {
        "__type__": "cc.Widget",
        "node": {
          "__id__": 96
        },
        "_alignFlags": 45,
        "_originalWidth": 1334,
        "_originalHeight": 750
      }
    ]
  },
  {
    "__type__": "cc.Node",
    "_name": "btnHit",
    "_parent": {
      "__id__": 96
    },
    "_contentSize": {
      "__type__": "cc.Size",
      "width": 234,
      "height": 93
    },
    "_children": [
      {
        "__id__": 98
      }
    ],
    "_position": {
      "__type__": "cc.Vec2",
      "x": 259,
      "y": -318.7394805173215
    },
    "_components": [
      {
        "__type__": "cc.Widget",
        "node": {
          "__id__": 97
        },
        "_alignFlags": 4,
        "_bottom": 9.760519482678482
      },
      {
        "__type__": "cc.Sprite",
        "node": {
          "__id__": 97
        },
        "_spriteFrame": {
          "__uuid__": "dbe9ce6c-c362-433a-a6b5-59ad0c3352e2"
        },
        "_type": 1
      },
      {
        "__type__": "cc.Button",
        "node": {
          "__id__": 97
        },
        "pressedColor": {
          "__type__": "cc.Color",
          "r": 255,
          "g": 255,
          "b": 255
        },
        "pressedSprite": {
          "__uuid__": "e9ec654c-97a2-4787-9325-e6a10375219a"
        },
        "hoverSprite": {
          "__uuid__": "e9ec654c-97a2-4787-9325-e6a10375219a"
        },
        "clickEvents": [
          {
            "__type__": "cc.ClickEvent",
            "target": {
              "__id__": 29
            },
            "component": "Game",
            "handler": "hit"
          }
        ],
        "_N$normalColor": {
          "__type__": "cc.Color",
          "r": 255,
          "g": 255,
          "b": 255
        },
        "_N$disabledColor": {
          "__type__": "cc.Color",
          "r": 255,
          "g": 255,
          "b": 255
        },
        "_N$normalSprite": {
          "__uuid__": "f0048c10-f03e-4c97-b9d3-3506e1d58952"
        },
        "_N$disabledSprite": {
          "__uuid__": "29158224-f8dd-4661-a796-1ffab537140e"
        },
        "_N$target": {
          "__id__": 97
        }
      },
      {
        "__type__": "a171dSnCXFMRIqs1IWdvgWM",
        "node": {
          "__id__": 97
        },
        "pressedScale": 0.85,
        "transDuration": 0.1
      }
    ]
  },
  {
    "__type__": "cc.Node",
    "_name": "sprite",
    "_color": {
      "__type__": "cc.Color",
      "r": 250,
      "g": 250,
      "b": 250
    },
    "_parent": {
      "__id__": 97
    },
    "_contentSize": {
      "__type__": "cc.Size",
      "width": 94,
      "height": 51
    },
    "_position": {
      "__type__": "cc.Vec2",
      "y": 11
    },
    "_components": [
      {
        "__type__": "cc.Widget",
        "node": {
          "__id__": 98
        },
        "_alignFlags": 1,
        "_top": 10
      },
      {
        "__type__": "cc.Sprite",
        "node": {
          "__id__": 98
        },
        "_spriteFrame": {
          "__uuid__": "b2cd9781-6504-483d-b611-d791e18b5885"
        }
      }
    ]
  },
  {
    "__type__": "cc.Node",
    "_name": "btnStand",
    "_parent": {
      "__id__": 96
    },
    "_contentSize": {
      "__type__": "cc.Size",
      "width": 234,
      "height": 92
    },
    "_children": [
      {
        "__id__": 100
      }
    ],
    "_position": {
      "__type__": "cc.Vec2",
      "x": 46,
      "y": -319.2053046202029
    },
    "_components": [
      {
        "__type__": "cc.Widget",
        "node": {
          "__id__": 99
        },
        "_alignFlags": 4,
        "_bottom": 9.794695379797068
      },
      {
        "__type__": "cc.Sprite",
        "node": {
          "__id__": 99
        },
        "_spriteFrame": {
          "__uuid__": "c01466ea-7283-4fce-b615-4ee78c774af0"
        },
        "_type": 1
      },
      {
        "__type__": "cc.Button",
        "node": {
          "__id__": 99
        },
        "pressedColor": {
          "__type__": "cc.Color",
          "r": 255,
          "g": 255,
          "b": 255
        },
        "pressedSprite": {
          "__uuid__": "e9ec654c-97a2-4787-9325-e6a10375219a"
        },
        "hoverSprite": {
          "__uuid__": "e9ec654c-97a2-4787-9325-e6a10375219a"
        },
        "clickEvents": [
          {
            "__type__": "cc.ClickEvent",
            "target": {
              "__id__": 29
            },
            "component": "Game",
            "handler": "stand"
          }
        ],
        "_N$normalColor": {
          "__type__": "cc.Color",
          "r": 255,
          "g": 255,
          "b": 255
        },
        "_N$disabledColor": {
          "__type__": "cc.Color",
          "r": 255,
          "g": 255,
          "b": 255
        },
        "_N$normalSprite": {
          "__uuid__": "f0048c10-f03e-4c97-b9d3-3506e1d58952"
        },
        "_N$disabledSprite": {
          "__uuid__": "29158224-f8dd-4661-a796-1ffab537140e"
        },
        "_N$target": {
          "__id__": 99
        }
      },
      {
        "__type__": "a171dSnCXFMRIqs1IWdvgWM",
        "node": {
          "__id__": 99
        },
        "pressedScale": 0.85,
        "transDuration": 0.1
      }
    ]
  },
  {
    "__type__": "cc.Node",
    "_name": "sprite",
    "_color": {
      "__type__": "cc.Color",
      "r": 250,
      "g": 250,
      "b": 250
    },
    "_parent": {
      "__id__": 99
    },
    "_contentSize": {
      "__type__": "cc.Size",
      "width": 98,
      "height": 56
    },
    "_position": {
      "__type__": "cc.Vec2",
      "y": 8
    },
    "_components": [
      {
        "__type__": "cc.Widget",
        "node": {
          "__id__": 100
        },
        "_alignFlags": 1,
        "_top": 10
      },
      {
        "__type__": "cc.Sprite",
        "node": {
          "__id__": 100
        },
        "_spriteFrame": {
          "__uuid__": "3550229e-8de1-434f-9300-ab5707373b83"
        }
      }
    ]
  },
  {
    "__type__": "cc.Node",
    "_name": "btnDouble",
    "_parent": {
      "__id__": 96
    },
    "_contentSize": {
      "__type__": "cc.Size",
      "width": 234,
      "height": 93
    },
    "_children": [
      {
        "__id__": 102
      }
    ],
    "_position": {
      "__type__": "cc.Vec2",
      "x": 473,
      "y": -318.75596766913793
    },
    "_components": [
      {
        "__type__": "cc.Widget",
        "node": {
          "__id__": 101
        },
        "_alignFlags": 4,
        "_bottom": 9.744032330862046
      },
      {
        "__type__": "cc.Sprite",
        "node": {
          "__id__": 101
        },
        "_spriteFrame": {
          "__uuid__": "dbe9ce6c-c362-433a-a6b5-59ad0c3352e2"
        },
        "_type": 1
      },
      {
        "__type__": "cc.Button",
        "node": {
          "__id__": 101
        },
        "pressedColor": {
          "__type__": "cc.Color",
          "r": 255,
          "g": 255,
          "b": 255
        },
        "pressedSprite": {
          "__uuid__": "e9ec654c-97a2-4787-9325-e6a10375219a"
        },
        "hoverSprite": {
          "__uuid__": "e9ec654c-97a2-4787-9325-e6a10375219a"
        },
        "clickEvents": [
          {
            "__type__": "cc.ClickEvent",
            "target": {
              "__id__": 29
            },
            "component": "Game",
            "handler": "hit"
          }
        ],
        "_N$normalColor": {
          "__type__": "cc.Color",
          "r": 255,
          "g": 255,
          "b": 255
        },
        "_N$disabledColor": {
          "__type__": "cc.Color",
          "r": 255,
          "g": 255,
          "b": 255
        },
        "_N$normalSprite": {
          "__uuid__": "f0048c10-f03e-4c97-b9d3-3506e1d58952"
        },
        "_N$disabledSprite": {
          "__uuid__": "29158224-f8dd-4661-a796-1ffab537140e"
        },
        "_N$target": {
          "__id__": 101
        }
      },
      {
        "__type__": "a171dSnCXFMRIqs1IWdvgWM",
        "node": {
          "__id__": 101
        },
        "pressedScale": 0.85,
        "transDuration": 0.1
      }
    ]
  },
  {
    "__type__": "cc.Node",
    "_name": "sprite",
    "_color": {
      "__type__": "cc.Color",
      "r": 250,
      "g": 250,
      "b": 250
    },
    "_parent": {
      "__id__": 101
    },
    "_contentSize": {
      "__type__": "cc.Size",
      "width": 95,
      "height": 51
    },
    "_position": {
      "__type__": "cc.Vec2",
      "y": 11
    },
    "_components": [
      {
        "__type__": "cc.Widget",
        "node": {
          "__id__": 102
        },
        "_alignFlags": 1,
        "_top": 10
      },
      {
        "__type__": "cc.Sprite",
        "node": {
          "__id__": 102
        },
        "_spriteFrame": {
          "__uuid__": "5818447f-9802-4c83-949e-6b23aa17229e"
        }
      }
    ]
  },
  {
    "__type__": "cc.Node",
    "_name": "btnChat",
    "_parent": {
      "__id__": 96
    },
    "_contentSize": {
      "__type__": "cc.Size",
      "width": 98,
      "height": 98
    },
    "_position": {
      "__type__": "cc.Vec2",
      "x": -594,
      "y": -317
    },
    "_components": [
      {
        "__type__": "cc.Sprite",
        "node": {
          "__id__": 103
        },
        "_spriteFrame": {
          "__uuid__": "876e9bd8-25b8-48a2-8695-070bd61b96d3"
        }
      },
      {
        "__type__": "cc.Button",
        "node": {
          "__id__": 103
        },
        "pressedColor": {
          "__type__": "cc.Color",
          "r": 255,
          "g": 255,
          "b": 255
        },
        "clickEvents": [
          {
            "__type__": "cc.ClickEvent",
            "target": {
              "__id__": 30
            },
            "component": "InGameUI",
            "handler": "toggleChat"
          }
        ],
        "_N$normalColor": {
          "__type__": "cc.Color",
          "r": 255,
          "g": 255,
          "b": 255
        },
        "_N$disabledColor": {
          "__type__": "cc.Color",
          "r": 255,
          "g": 255,
          "b": 255
        },
        "_N$target": {
          "__id__": 103
        }
      },
      {
        "__type__": "a171dSnCXFMRIqs1IWdvgWM",
        "node": {
          "__id__": 103
        },
        "pressedScale": 0.8,
        "transDuration": 0.1
      }
    ]
  },
  {
    "__type__": "cc.Label",
    "node": {
      "__id__": 105
    },
    "_useOriginalSize": false,
    "_N$string": "You Win!",
    "_N$horizontalAlign": 1,
    "_N$verticalAlign": 1
  },
  {
    "__type__": "cc.Node",
    "_name": "resultTxt",
    "_parent": {
      "__id__": 25
    },
    "_contentSize": {
      "__type__": "cc.Size",
      "width": 158.61,
      "height": 40
    },
    "_position": {
      "__type__": "cc.Vec2",
      "y": 113
    },
    "_components": [
      {
        "__id__": 104
      }
    ]
  },
  {
    "__type__": "cc.Node",
    "_name": "AudioMng",
    "_parent": {
      "__id__": 29
    },
    "_position": {
      "__type__": "cc.Vec2",
      "x": -667,
      "y": -375
    },
    "_components": [
      {
        "__type__": "01ca4tStvVH+JmZ5TNcmuAu",
        "node": {
          "__id__": 106
        },
        "winAudio": {
          "__uuid__": "75e62b72-33b4-4e05-ab1a-2ded0aa0c238"
        },
        "loseAudio": {
          "__uuid__": "2957f94f-e8e3-4796-922b-82493265574b"
        },
        "cardAudio": {
          "__uuid__": "f2b99b3d-579d-44ef-93e1-0adf0c8e23d4"
        },
        "buttonAudio": {
          "__uuid__": "9e2ae507-fae5-4511-940b-f2e46f81b790"
        },
        "chipsAudio": {
          "__uuid__": "2b8266f6-c4e3-40fe-91f4-699c347a0c31"
        },
        "bgm": {
          "__uuid__": "49539cb0-3893-459a-b310-7cc1b7f6d335"
        }
      }
    ]
  },
  {
    "__type__": "cc.Node",
    "_name": "AssetMng",
    "_parent": {
      "__id__": 29
    },
    "_position": {
      "__type__": "cc.Vec2",
      "x": 41,
      "y": -58
    },
    "_components": [
      {
        "__type__": "54522LcoVpPHbrqYgwp/1Qm",
        "node": {
          "__id__": 107
        },
        "texBust": {
          "__uuid__": "62c007e7-076e-4e44-a57d-33bd7e7cd350"
        },
        "texCardInfo": {
          "__uuid__": "0019472a-7077-47bb-8a0b-c3597a6a8017"
        },
        "texCountdown": {
          "__uuid__": "72799fdc-2e41-4289-a0e0-2e13242ca6f7"
        },
        "texBetCountdown": {
          "__uuid__": "ede1495d-fc57-4c30-8e55-32402043ed4e"
        },
        "playerPhotos": [
          {
            "__uuid__": "44883751-af5c-4ff3-a5c0-493cf5074e20"
          },
          {
            "__uuid__": "11c8b27e-29a0-4c2f-ac31-03a2e5793b7c"
          },
          {
            "__uuid__": "323fec25-3825-4be0-9ee7-2888ccf4f6ae"
          },
          {
            "__uuid__": "c0aa5a2e-118d-47b0-8bcc-a200564a0ec2"
          },
          {
            "__uuid__": "a43c3aec-6f21-486b-bc48-2d3cf8a7d146"
          }
        ]
      }
    ]
  },
  {
    "__type__": "cc.Node",
    "_name": "btnBack",
    "_parent": {
      "__id__": 25
    },
    "_anchorPoint": {
      "__type__": "cc.Vec2",
      "x": 0.5,
      "y": 1
    },
    "_contentSize": {
      "__type__": "cc.Size",
      "width": 84,
      "height": 64
    },
    "_children": [
      {
        "__id__": 109
      }
    ],
    "_position": {
      "__type__": "cc.Vec2",
      "x": -595,
      "y": 375
    },
    "_components": [
      {
        "__type__": "cc.Sprite",
        "node": {
          "__id__": 108
        },
        "_spriteFrame": {
          "__uuid__": "ef0e92d8-6db3-4e01-a1f0-5988bf72b4ec"
        }
      },
      {
        "__type__": "cc.Widget",
        "node": {
          "__id__": 108
        },
        "_alignFlags": 9,
        "_left": 30
      },
      {
        "__type__": "cc.Button",
        "node": {
          "__id__": 108
        },
        "pressedColor": {
          "__type__": "cc.Color",
          "r": 255,
          "g": 255,
          "b": 255
        },
        "clickEvents": [
          {
            "__type__": "cc.ClickEvent",
            "target": {
              "__id__": 29
            },
            "component": "Game",
            "handler": "quitToMenu"
          }
        ],
        "_N$normalColor": {
          "__type__": "cc.Color",
          "r": 255,
          "g": 255,
          "b": 255
        },
        "_N$disabledColor": {
          "__type__": "cc.Color",
          "r": 255,
          "g": 255,
          "b": 255
        },
        "_N$target": {
          "__id__": 108
        }
      },
      {
        "__type__": "a171dSnCXFMRIqs1IWdvgWM",
        "node": {
          "__id__": 108
        },
        "pressedScale": 0.8,
        "transDuration": 0.1
      }
    ]
  },
  {
    "__type__": "cc.Node",
    "_name": "icon_back",
    "_parent": {
      "__id__": 108
    },
    "_contentSize": {
      "__type__": "cc.Size",
      "width": 33,
      "height": 48
    },
    "_position": {
      "__type__": "cc.Vec2",
      "x": -2,
      "y": -23
    },
    "_components": [
      {
        "__type__": "cc.Sprite",
        "node": {
          "__id__": 109
        },
        "_spriteFrame": {
          "__uuid__": "6035fac6-5208-4e0b-bea7-62ff9fb1338b"
        }
      }
    ]
  },
  {
    "__type__": "cc.Node",
    "_name": "btnInbox",
    "_parent": {
      "__id__": 25
    },
    "_anchorPoint": {
      "__type__": "cc.Vec2",
      "x": 0.5,
      "y": 1
    },
    "_contentSize": {
      "__type__": "cc.Size",
      "width": 84,
      "height": 64
    },
    "_children": [
      {
        "__id__": 111
      }
    ],
    "_position": {
      "__type__": "cc.Vec2",
      "x": 595,
      "y": 375
    },
    "_components": [
      {
        "__type__": "cc.Sprite",
        "node": {
          "__id__": 110
        },
        "_spriteFrame": {
          "__uuid__": "ef0e92d8-6db3-4e01-a1f0-5988bf72b4ec"
        }
      },
      {
        "__type__": "cc.Widget",
        "node": {
          "__id__": 110
        },
        "_alignFlags": 33,
        "_left": 30,
        "_right": 30
      },
      {
        "__type__": "cc.Button",
        "node": {
          "__id__": 110
        },
        "pressedColor": {
          "__type__": "cc.Color",
          "r": 255,
          "g": 255,
          "b": 255
        },
        "clickEvents": [
          {
            "__type__": "cc.ClickEvent",
            "target": {
              "__id__": 30
            },
            "component": "InGameUI",
            "handler": "toggleSocial"
          }
        ],
        "_N$normalColor": {
          "__type__": "cc.Color",
          "r": 255,
          "g": 255,
          "b": 255
        },
        "_N$disabledColor": {
          "__type__": "cc.Color",
          "r": 255,
          "g": 255,
          "b": 255
        },
        "_N$target": {
          "__id__": 110
        }
      },
      {
        "__type__": "a171dSnCXFMRIqs1IWdvgWM",
        "node": {
          "__id__": 110
        },
        "pressedScale": 0.8,
        "transDuration": 0.1
      }
    ]
  },
  {
    "__type__": "cc.Node",
    "_name": "icon_back",
    "_parent": {
      "__id__": 110
    },
    "_contentSize": {
      "__type__": "cc.Size",
      "width": 50,
      "height": 39
    },
    "_position": {
      "__type__": "cc.Vec2",
      "y": -23
    },
    "_components": [
      {
        "__type__": "cc.Sprite",
        "node": {
          "__id__": 111
        },
        "_spriteFrame": {
          "__uuid__": "a13c6eed-94dc-4e46-a7da-f69a2c352aed"
        }
      }
    ]
  },
  {
    "__type__": "cc.Node",
    "_name": "ResultUI",
    "_parent": {
      "__id__": 25
    },
    "_contentSize": {
      "__type__": "cc.Size",
      "width": 1334,
      "height": 750
    },
    "_components": [
      {
        "__type__": "cc.Widget",
        "node": {
          "__id__": 112
        },
        "_alignFlags": 45
      }
    ]
  }
]