[
  {
    "__type__": "cc.SpriteFrame",
    "content": {
      "name": "heimei_small",
      "texture": "8b8pHxCcdBpoI7I0aZ+NDi",
      "rect": [
        0,
        1,
        16,
        15
      ],
      "offset": [
        0,
        -0.5
      ],
      "originalSize": [
        16,
        16
      ]
    }
  },
  {
    "__type__": "cc.SpriteFrame",
    "content": {
      "name": "king",
      "texture": "7b/oBoW6tPAqAHUumKm+ut",
      "rect": [
        0,
        2,
        64,
        95
      ],
      "offset": [
        0,
        -1
      ],
      "originalSize": [
        64,
        97
      ]
    }
  },
  [
    {
      "__type__": "cc.Prefab",
      "_name": "cardPrefab",
      "data": {
        "__id__": 1
      },
      "asyncLoadAssets": false
    },
    {
      "__type__": "cc.Node",
      "_name": "cardPrefab",
      "_children": [
        {
          "__id__": 2
        },
        {
          "__id__": 4
        },
        {
          "__id__": 6
        }
      ],
      "_components": [
        {
          "__id__": 8
        },
        {
          "__type__": "ab67e5QkiVCBZ3DIMlWhiAt",
          "node": {
            "__id__": 1
          },
          "point": {
            "__id__": 7
          },
          "suit": {
            "__id__": 5
          },
          "mainPic": {
            "__id__": 3
          },
          "cardBG": {
            "__id__": 8
          },
          "redTextColor": {
            "__type__": "cc.Color",
            "r": 192,
            "g": 30,
            "b": 46
          },
          "blackTextColor": {
            "__type__": "cc.Color",
            "r": 43,
            "g": 43,
            "b": 43
          },
          "texFrontBG": {
            "__uuid__": "d4gI1CVh9JVLKCDULv5twG"
          },
          "texBackBG": {
            "__uuid__": "7eu8ctQPhBTYM8RtJF2V2T"
          },
          "texFaces": [
            {
              "__uuid__": "d5GIwZ9zRMg5G3T24Z3h4k"
            },
            {
              "__uuid__": "6fbJ/lQGVNQavEAmEA+f9M"
            },
            {
              "__uuid__": "18CaqAjmZA6Z/1peHQTT1T"
            }
          ],
          "texSuitBig": [
            {
              "__uuid__": "bdpXcPH8pDT7W0q5nBK1Xf"
            },
            {
              "__uuid__": "e3KwYrQ8lPTLxVCNkkJ4iG"
            },
            {
              "__uuid__": "27cL/ax1BFeKNQlMysCtqA"
            },
            {
              "__uuid__": "c2PoujUkNCiongmgqqGVDQ"
            }
          ],
          "texSuitSmall": [
            {
              "__uuid__": "7100JCHKZOnIJYnvZG5ehW"
            },
            {
              "__uuid__": "bch1O6I/VF3KyHCFAUCgXQ"
            },
            {
              "__uuid__": "091nmkX/dD+7NeaUH2EjEW"
            },
            {
              "__uuid__": "ebwGCUBX9MH6BVmvyHgMOu"
            }
          ]
        }
      ],
      "_prefab": {
        "__type__": "cc.PrefabInfo",
        "root": {
          "__id__": 1
        },
        "asset": {
          "__uuid__": "1b4azjubNL9JxFXB2ezKwI"
        },
        "fileId": "233cdLh0VtPuKVaMtp4MU+g"
      },
      "_contentSize": {
        "__type__": "cc.Size",
        "width": 100,
        "height": 130
      },
      "_position": {
        "__type__": "cc.Vec2",
        "x": 679,
        "y": 413
      }
    },
    {
      "__type__": "cc.Node",
      "_name": "mainPic",
      "_parent": {
        "__id__": 1
      },
      "_components": [
        {
          "__id__": 3
        },
        {
          "__type__": "cc.Widget",
          "node": {
            "__id__": 2
          },
          "_alignFlags": 36,
          "_right": 12,
          "_bottom": 12
        }
      ],
      "_prefab": {
        "__type__": "cc.PrefabInfo",
        "root": {
          "__id__": 1
        },
        "asset": {
          "__uuid__": "1b4azjubNL9JxFXB2ezKwI"
        },
        "fileId": "b57c5aYLDlEB6V54eWtutlO"
      },
      "_contentSize": {
        "__type__": "cc.Size",
        "width": 64,
        "height": 95
      },
      "_position": {
        "__type__": "cc.Vec2",
        "x": 6,
        "y": -5.5
      }
    },
    {
      "__type__": "cc.Sprite",
      "node": {
        "__id__": 2
      },
      "_spriteFrame": {
        "__uuid__": "18CaqAjmZA6Z/1peHQTT1T"
      }
    },
    {
      "__type__": "cc.Node",
      "_name": "suit",
      "_parent": {
        "__id__": 1
      },
      "_components": [
        {
          "__id__": 5
        }
      ],
      "_prefab": {
        "__type__": "cc.PrefabInfo",
        "root": {
          "__id__": 1
        },
        "asset": {
          "__uuid__": "1b4azjubNL9JxFXB2ezKwI"
        },
        "fileId": "22257JG+L1Lcap/+w7jZ/gw"
      },
      "_contentSize": {
        "__type__": "cc.Size",
        "width": 16,
        "height": 16
      },
      "_position": {
        "__type__": "cc.Vec2",
        "x": -30.1,
        "y": 25
      }
    },
    {
      "__type__": "cc.Sprite",
      "node": {
        "__id__": 4
      },
      "_spriteFrame": {
        "__uuid__": "ebwGCUBX9MH6BVmvyHgMOu"
      }
    },
    {
      "__type__": "cc.Node",
      "_name": "point",
      "_parent": {
        "__id__": 1
      },
      "_components": [
        {
          "__id__": 7
        }
      ],
      "_prefab": {
        "__type__": "cc.PrefabInfo",
        "root": {
          "__id__": 1
        },
        "asset": {
          "__uuid__": "1b4azjubNL9JxFXB2ezKwI"
        },
        "fileId": "4dd3dMP4WpDi7vdBMu9Qy96"
      },
      "_color": {
        "__type__": "cc.Color",
        "r": 202,
        "g": 5,
        "b": 5
      },
      "_contentSize": {
        "__type__": "cc.Size",
        "width": 12.8,
        "height": 16
      },
      "_position": {
        "__type__": "cc.Vec2",
        "x": -30.1,
        "y": 48
      }
    },
    {
      "__type__": "cc.Label",
      "node": {
        "__id__": 6
      },
      "_useOriginalSize": false,
      "_actualFontSize": 20,
      "_fontSize": 20,
      "_N$file": {
        "__uuid__": "a94MmzbIpDgYEj2l88/gs1"
      },
      "_isSystemFontUsed": false,
      "_N$string": "A",
      "_N$horizontalAlign": 1,
      "_N$verticalAlign": 1
    },
    {
      "__type__": "cc.Sprite",
      "node": {
        "__id__": 1
      },
      "_spriteFrame": {
        "__uuid__": "d4gI1CVh9JVLKCDULv5twG"
      }
    }
  ],
  {
    "__type__": "cc.SpriteFrame",
    "content": {
      "name": "heimei_big",
      "texture": "41XMN+Kc9J1Zs7HVyvMUu9",
      "rect": [
        0,
        0,
        55,
        53
      ],
      "offset": [
        0,
        0
      ],
      "originalSize": [
        55,
        53
      ]
    }
  },
  {
    "__type__": "cc.SpriteFrame",
    "content": {
      "name": "kueen",
      "texture": "0bcCo9QHxF87Q1OXurcpfL",
      "rect": [
        0,
        0,
        63,
        97
      ],
      "offset": [
        -0.5,
        0
      ],
      "originalSize": [
        64,
        97
      ]
    }
  },
  {
    "__type__": "cc.SpriteFrame",
    "content": {
      "name": "heitao_small",
      "texture": "91OQUd8XRMA5Kn5KOZAvrE",
      "rect": [
        0,
        0,
        16,
        16
      ],
      "offset": [
        0,
        0
      ],
      "originalSize": [
        16,
        16
      ]
    }
  },
  {
    "__type__": "cc.SpriteFrame",
    "content": {
      "name": "poker_dipai",
      "texture": "17DL0iW0NF0KXX1NArNJTs",
      "rect": [
        1,
        0,
        99,
        130
      ],
      "offset": [
        0.5,
        0
      ],
      "originalSize": [
        100,
        130
      ]
    }
  },
  {
    "__type__": "cc.SpriteFrame",
    "content": {
      "name": "hongtao_small",
      "texture": "87HZz8VjVCc65Q2w60L/Nj",
      "rect": [
        0,
        1,
        16,
        15
      ],
      "offset": [
        0,
        -0.5
      ],
      "originalSize": [
        16,
        16
      ]
    }
  },
  {
    "__type__": "cc.SpriteFrame",
    "content": {
      "name": "heitao_big",
      "texture": "52KKto3jVA+Y0OC7t4gHil",
      "rect": [
        1,
        1,
        52,
        52
      ],
      "offset": [
        -0.5,
        -0.5
      ],
      "originalSize": [
        55,
        53
      ]
    }
  },
  {
    "__type__": "cc.SpriteFrame",
    "content": {
      "name": "fangkuai_big",
      "texture": "59TempQ9pF/pxhZE6bD+xM",
      "rect": [
        1,
        1,
        52,
        52
      ],
      "offset": [
        -0.5,
        -0.5
      ],
      "originalSize": [
        55,
        53
      ]
    }
  },
  {
    "__type__": "cc.SpriteFrame",
    "content": {
      "name": "poker_bg",
      "texture": "4aVsjmCUVCEZ6ReiF/plzD",
      "rect": [
        0,
        0,
        100,
        130
      ],
      "offset": [
        0,
        0
      ],
      "originalSize": [
        100,
        130
      ]
    }
  },
  {
    "__type__": "cc.SpriteFrame",
    "content": {
      "name": "ranker",
      "texture": "00DwtZbkRAhZT533dNxKKg",
      "rect": [
        2,
        3,
        60,
        94
      ],
      "offset": [
        0,
        -1.5
      ],
      "originalSize": [
        64,
        97
      ]
    }
  },
  {
    "__type__": "cc.SpriteFrame",
    "content": {
      "name": "hongtao_big",
      "texture": "24f4IsO2dN4qvO1LueSEjr",
      "rect": [
        1,
        2,
        53,
        49
      ],
      "offset": [
        0,
        0
      ],
      "originalSize": [
        55,
        53
      ]
    }
  },
  {
    "__type__": "cc.SpriteFrame",
    "content": {
      "name": "fangkuai_small",
      "texture": "5bzfmqIHNHorery4VAudYr",
      "rect": [
        0,
        0,
        16,
        16
      ],
      "offset": [
        0,
        0
      ],
      "originalSize": [
        16,
        16
      ]
    }
  }
]