[
  {
    "__type__": "cc.SpriteFrame",
    "content": {
      "name": "BUST_6",
      "texture": "d3zFEVT9BFW7FTg1Jbc4lf",
      "rect": [
        0,
        0,
        150,
        150
      ],
      "offset": [
        0,
        0
      ],
      "originalSize": [
        150,
        150
      ]
    }
  },
  {
    "__type__": "cc.SpriteFrame",
    "content": {
      "name": "BUST_2",
      "texture": "7e9Q2DBx5E5ZvLpUFDqQ+S",
      "rect": [
        10,
        10,
        128,
        130
      ],
      "offset": [
        -1,
        0
      ],
      "originalSize": [
        150,
        150
      ]
    }
  },
  {
    "__type__": "cc.SpriteFrame",
    "content": {
      "name": "BUST_5",
      "texture": "c8WpAsjQdHkYucZE7FNCAv",
      "rect": [
        0,
        0,
        150,
        150
      ],
      "offset": [
        0,
        0
      ],
      "originalSize": [
        150,
        150
      ]
    }
  },
  {
    "__type__": "cc.SpriteFrame",
    "content": {
      "name": "BUST_9",
      "texture": "b1otPD6MBEB676uCFvOB3P",
      "rect": [
        0,
        0,
        150,
        150
      ],
      "offset": [
        0,
        0
      ],
      "originalSize": [
        150,
        150
      ]
    }
  },
  {
    "__type__": "cc.SpriteFrame",
    "content": {
      "name": "BUST_7",
      "texture": "3a77SCfR9Lj7jBT9G70Vmx",
      "rect": [
        0,
        0,
        150,
        150
      ],
      "offset": [
        0,
        0
      ],
      "originalSize": [
        150,
        150
      ]
    }
  },
  {
    "__type__": "cc.SpriteFrame",
    "content": {
      "name": "BUST_3",
      "texture": "31j4HulKpM6bqHpUpDkStx",
      "rect": [
        2,
        2,
        144,
        147
      ],
      "offset": [
        -1,
        -0.5
      ],
      "originalSize": [
        150,
        150
      ]
    }
  },
  {
    "__type__": "cc.SpriteFrame",
    "content": {
      "name": "BUST_8",
      "texture": "adr5GZB59GvLiMszZtq8ym",
      "rect": [
        0,
        0,
        150,
        150
      ],
      "offset": [
        0,
        0
      ],
      "originalSize": [
        150,
        150
      ]
    }
  },
  {
    "__type__": "cc.SpriteFrame",
    "content": {
      "name": "BUST_1",
      "texture": "31BfxB6RdLer/hgbmT+g4d",
      "rect": [
        24,
        24,
        100,
        102
      ],
      "offset": [
        -1,
        0
      ],
      "originalSize": [
        150,
        150
      ]
    }
  },
  {
    "__type__": "cc.AnimationClip",
    "_name": "bust",
    "_duration": 0.6,
    "sample": 30,
    "curveData": {
      "comps": {
        "cc.Sprite": {
          "spriteFrame": [
            {
              "frame": 0,
              "value": {
                "__uuid__": "c6GNJZX8pPMLB+iNuYgr6R"
              }
            },
            {
              "frame": 0.03333333333333333,
              "value": {
                "__uuid__": "c6GNJZX8pPMLB+iNuYgr6R"
              }
            },
            {
              "frame": 0.06666666666666667,
              "value": {
                "__uuid__": "20aoJptZtOA5rpi9x/k6LG"
              }
            },
            {
              "frame": 0.1,
              "value": {
                "__uuid__": "20aoJptZtOA5rpi9x/k6LG"
              }
            },
            {
              "frame": 0.13333333333333333,
              "value": {
                "__uuid__": "93Iyv8y1VHXpR0IpvZJqYO"
              }
            },
            {
              "frame": 0.16666666666666666,
              "value": {
                "__uuid__": "93Iyv8y1VHXpR0IpvZJqYO"
              }
            },
            {
              "frame": 0.2,
              "value": {
                "__uuid__": "e8MxM1CipHMqL7HBPoUt3r"
              }
            },
            {
              "frame": 0.23333333333333334,
              "value": {
                "__uuid__": "e8MxM1CipHMqL7HBPoUt3r"
              }
            },
            {
              "frame": 0.26666666666666666,
              "value": {
                "__uuid__": "2ap923zIZEdLhnrV3CcHqu"
              }
            },
            {
              "frame": 0.3,
              "value": {
                "__uuid__": "2ap923zIZEdLhnrV3CcHqu"
              }
            },
            {
              "frame": 0.3333333333333333,
              "value": {
                "__uuid__": "10mGA+qI1AP6/vKSOvDvNi"
              }
            },
            {
              "frame": 0.36666666666666664,
              "value": {
                "__uuid__": "10mGA+qI1AP6/vKSOvDvNi"
              }
            },
            {
              "frame": 0.4,
              "value": {
                "__uuid__": "8a0OLoI5pPEb5dZBUhxK6N"
              }
            },
            {
              "frame": 0.43333333333333335,
              "value": {
                "__uuid__": "8a0OLoI5pPEb5dZBUhxK6N"
              }
            },
            {
              "frame": 0.4666666666666667,
              "value": {
                "__uuid__": "aamUBo+TBOVpB8MobwTDpt"
              }
            },
            {
              "frame": 0.5,
              "value": {
                "__uuid__": "aamUBo+TBOVpB8MobwTDpt"
              }
            },
            {
              "frame": 0.5333333333333333,
              "value": {
                "__uuid__": "398SKCXFhPaI+FX/u/g7QZ"
              }
            },
            {
              "frame": 0.5666666666666667,
              "value": {
                "__uuid__": "fftxWbsEFIortYmpUB1NGQ"
              }
            }
          ]
        }
      }
    },
    "events": [
      {
        "frame": 0.6,
        "func": "hideFX",
        "params": []
      }
    ]
  },
  {
    "__type__": "cc.SpriteFrame",
    "content": {
      "name": "BUST_4",
      "texture": "e7kAN3sLBMFK3JJm/ghfIr",
      "rect": [
        0,
        0,
        150,
        150
      ],
      "offset": [
        0,
        0
      ],
      "originalSize": [
        150,
        150
      ]
    }
  },
  {
    "__type__": "cc.SpriteFrame",
    "content": {
      "name": "BUST_10",
      "texture": "14I7z1CsNCN6Oy90QgfXk7",
      "rect": [
        10,
        11,
        128,
        128
      ],
      "offset": [
        -1,
        0
      ],
      "originalSize": [
        150,
        150
      ]
    }
  }
]