[
  {
    "__type__": "cc.Prefab",
    "_name": "cardPrefab",
    "data": {
      "__id__": 1
    }
  },
  {
    "__type__": "cc.Node",
    "_name": "cardPrefab",
    "_contentSize": {
      "__type__": "cc.Size",
      "width": 100,
      "height": 130
    },
    "_children": [
      {
        "__id__": 2
      },
      {
        "__id__": 4
      },
      {
        "__id__": 6
      }
    ],
    "_position": {
      "__type__": "cc.Vec2",
      "x": 679,
      "y": 413
    },
    "_components": [
      {
        "__id__": 8
      },
      {
        "__type__": "ab67e5QkiVCBZ3DIMlWhiAt",
        "node": {
          "__id__": 1
        },
        "point": {
          "__id__": 7
        },
        "suit": {
          "__id__": 5
        },
        "mainPic": {
          "__id__": 3
        },
        "cardBG": {
          "__id__": 8
        },
        "redTextColor": {
          "__type__": "cc.Color",
          "r": 192,
          "g": 30,
          "b": 46
        },
        "blackTextColor": {
          "__type__": "cc.Color",
          "r": 43,
          "g": 43,
          "b": 43
        },
        "texFrontBG": {
          "__uuid__": "d4808d42-561f-4954-b282-0d42efe6dc06"
        },
        "texBackBG": {
          "__uuid__": "7ebbc72d-40f8-414d-833c-46d245d95d93"
        },
        "texFaces": [
          {
            "__uuid__": "d5188c19-f734-4c83-91b7-4f6e19de1e24"
          },
          {
            "__uuid__": "6f6c9fe5-4065-4d41-abc4-026100f9ff4c"
          },
          {
            "__uuid__": "1809aa80-8e66-40e9-9ff5-a5e1d04d3d53"
          }
        ],
        "texSuitBig": [
          {
            "__uuid__": "bda5770f-1fca-434f-b5b4-ab99c12b55df"
          },
          {
            "__uuid__": "e32b062b-43c9-4f4c-bc55-08d924278886"
          },
          {
            "__uuid__": "2770bfda-c750-4578-a350-94ccac0ada80"
          },
          {
            "__uuid__": "c23e8ba3-5243-428a-89e0-9a0aaa1950d0"
          }
        ],
        "texSuitSmall": [
          {
            "__uuid__": "71d34242-1ca6-4e9c-8258-9ef646e5e856"
          },
          {
            "__uuid__": "bc8753ba-23f5-45dc-ac87-0850140a05d0"
          },
          {
            "__uuid__": "09d679a4-5ff7-43fb-b35e-6941f6123116"
          },
          {
            "__uuid__": "ebc06094-057f-4c1f-a055-9afc8780c3ae"
          }
        ]
      }
    ],
    "_prefab": {
      "__type__": "cc.PrefabInfo",
      "root": {
        "__id__": 1
      },
      "fileId": "233cdLh0VtPuKVaMtp4MU+g"
    }
  },
  {
    "__type__": "cc.Node",
    "_name": "mainPic",
    "_parent": {
      "__id__": 1
    },
    "_contentSize": {
      "__type__": "cc.Size",
      "width": 64,
      "height": 95
    },
    "_position": {
      "__type__": "cc.Vec2",
      "x": 6,
      "y": -5.5
    },
    "_components": [
      {
        "__id__": 3
      },
      {
        "__type__": "cc.Widget",
        "node": {
          "__id__": 2
        },
        "_alignFlags": 36,
        "_right": 12,
        "_bottom": 12
      }
    ],
    "_prefab": {
      "__type__": "cc.PrefabInfo",
      "root": {
        "__id__": 1
      },
      "fileId": "b57c5aYLDlEB6V54eWtutlO"
    }
  },
  {
    "__type__": "cc.Sprite",
    "node": {
      "__id__": 2
    },
    "_spriteFrame": {
      "__uuid__": "1809aa80-8e66-40e9-9ff5-a5e1d04d3d53"
    }
  },
  {
    "__type__": "cc.Node",
    "_name": "suit",
    "_parent": {
      "__id__": 1
    },
    "_contentSize": {
      "__type__": "cc.Size",
      "width": 16,
      "height": 16
    },
    "_position": {
      "__type__": "cc.Vec2",
      "x": -30.1,
      "y": 25
    },
    "_components": [
      {
        "__id__": 5
      }
    ],
    "_prefab": {
      "__type__": "cc.PrefabInfo",
      "root": {
        "__id__": 1
      },
      "fileId": "22257JG+L1Lcap/+w7jZ/gw"
    }
  },
  {
    "__type__": "cc.Sprite",
    "node": {
      "__id__": 4
    },
    "_spriteFrame": {
      "__uuid__": "ebc06094-057f-4c1f-a055-9afc8780c3ae"
    }
  },
  {
    "__type__": "cc.Node",
    "_name": "point",
    "_color": {
      "__type__": "cc.Color",
      "r": 202,
      "g": 5,
      "b": 5
    },
    "_parent": {
      "__id__": 1
    },
    "_contentSize": {
      "__type__": "cc.Size",
      "width": 12.8,
      "height": 16
    },
    "_position": {
      "__type__": "cc.Vec2",
      "x": -30.1,
      "y": 48
    },
    "_components": [
      {
        "__id__": 7
      }
    ],
    "_prefab": {
      "__type__": "cc.PrefabInfo",
      "root": {
        "__id__": 1
      },
      "fileId": "4dd3dMP4WpDi7vdBMu9Qy96"
    }
  },
  {
    "__type__": "cc.Label",
    "node": {
      "__id__": 6
    },
    "_useOriginalSize": false,
    "_actualFontSize": 20,
    "_fontSize": 20,
    "_N$file": {
      "__uuid__": "a9e0c9b3-6c8a-4381-8123-da5f3cfe0b35"
    },
    "_isSystemFontUsed": false,
    "_N$string": "A",
    "_N$horizontalAlign": 1,
    "_N$verticalAlign": 1
  },
  {
    "__type__": "cc.Sprite",
    "node": {
      "__id__": 1
    },
    "_spriteFrame": {
      "__uuid__": "d4808d42-561f-4954-b282-0d42efe6dc06"
    }
  }
]