[
  {
    "__type__": "cc.Prefab",
    "_name": "chipPrefab",
    "data": {
      "__id__": 1
    }
  },
  {
    "__type__": "cc.Node",
    "_name": "chipPrefab",
    "_contentSize": {
      "__type__": "cc.Size",
      "width": 37,
      "height": 38
    },
    "_children": [
      {
        "__id__": 2
      }
    ],
    "_components": [
      {
        "__type__": "b4eb5Lo6U1IZ4eJWuxShCdH",
        "node": {
          "__id__": 1
        },
        "anim": {
          "__id__": 3
        }
      }
    ],
    "_prefab": {
      "__type__": "cc.PrefabInfo",
      "root": {
        "__id__": 1
      },
      "fileId": "24eaabIiV9Jz4XD8UAxHasG"
    }
  },
  {
    "__type__": "cc.Node",
    "_name": "chip",
    "_parent": {
      "__id__": 1
    },
    "_contentSize": {
      "__type__": "cc.Size",
      "width": 37,
      "height": 38
    },
    "_components": [
      {
        "__type__": "cc.Sprite",
        "node": {
          "__id__": 2
        },
        "_spriteFrame": {
          "__uuid__": "7459fc8e-3723-4d95-8594-ac8eea99f27e"
        }
      },
      {
        "__id__": 3
      }
    ],
    "_prefab": {
      "__type__": "cc.PrefabInfo",
      "root": {
        "__id__": 1
      },
      "fileId": "ef299Ttu/RHzpqovrT3NmjW"
    }
  },
  {
    "__type__": "cc.Animation",
    "node": {
      "__id__": 2
    },
    "_clips": [
      {
        "__uuid__": "0298d0e9-32ea-4e61-8184-f7fcc552e256"
      }
    ]
  }
]